target_id	est_counts	tpm
ENSMUST00000005371.11	11.3914	119.0276
ENSMUST00000108658.9	11.3914	119.0276
ENSMUST00000108657.3	96.8257	1011.7209
ENSMUST00000171247.7	11.3914	119.0276
ENSMUST00000035822.1	161.0000	1682.2703
ENSMUST00000071564.13	143.0000	1494.1904
ENSMUST00000118875.7	286.9896	2998.7211
ENSMUST00000098461.9	223.2870	2333.0995
ENSMUST00000023691.11	164.9936	1723.9994
ENSMUST00000156133.7	0.0064	0.0664
ENSMUST00000095786.5	181.0000	1891.2480
ENSMUST00000035724.4	67.0000	700.0752
ENSMUST00000000727.3	145.0000	1515.0882
ENSMUST00000193338.5	21.9545	229.4005
ENSMUST00000056370.12	21.9545	229.4005
ENSMUST00000082402.1	800.9912	8369.4641
ENSMUST00000044228.10	257.6055	2691.6901
ENSMUST00000167143.1	157.3945	1644.5967
ENSMUST00000086374.7	36.5000	381.3843
ENSMUST00000215619.1	36.5000	381.3843
ENSMUST00000055738.11	614.0000	6415.6148
ENSMUST00000054368.6	148.5728	1552.4203
ENSMUST00000204168.1	42.4272	443.3165
ENSMUST00000004729.4	30.0000	313.4665
ENSMUST00000021864.7	432.0000	4513.9179
ENSMUST00000042235.14	368.0000	3845.1893
ENSMUST00000043214.6	132.0000	1379.2527
ENSMUST00000037941.9	105.0000	1097.1328
ENSMUST00000162415.8	275.0000	2873.4427
ENSMUST00000133023.1	0.0000	0.0000
ENSMUST00000112995.2	0.0000	0.0000
ENSMUST00000055808.5	182.0000	1901.6969
ENSMUST00000040828.5	524.0000	5475.2152
ENSMUST00000049022.14	68.8733	719.6489
ENSMUST00000166407.7	0.0185	0.1934
ENSMUST00000096255.5	46.9815	490.9042
ENSMUST00000055262.12	36.0000	376.1596
ENSMUST00000028062.7	575.9944	6018.4983
ENSMUST00000105349.7	15.0000	156.7333
ENSMUST00000092295.9	15.0000	156.7333
ENSMUST00000020637.8	148.0000	1546.4348
ENSMUST00000179865.7	148.0000	1546.4348
ENSMUST00000169536.7	211.4972	2209.9101
ENSMUST00000099443.10	2.5028	26.1511
ENSMUST00000081840.5	75.0000	783.6663
ENSMUST00000000080.7	33.0000	344.8132
ENSMUST00000094280.3	52.0000	543.3420
ENSMUST00000176010.7	7.9263	82.8214
ENSMUST00000176683.7	0.0388	0.4058
ENSMUST00000217643.1	126.0000	1316.5594
ENSMUST00000019614.12	290.2649	3032.9443
ENSMUST00000163038.7	83.8676	876.3223
ENSMUST00000159909.7	83.8676	876.3223
ENSMUST00000017332.3	45.0000	470.1998
ENSMUST00000135310.7	44.9401	469.5743
ENSMUST00000126690.7	44.9401	469.5743
ENSMUST00000085673.10	59.0599	617.1097
ENSMUST00000114136.8	59.0599	617.1097
ENSMUST00000009693.14	38.0000	397.0576
ENSMUST00000093290.11	175.0000	1828.5547
ENSMUST00000029649.2	188.0000	1964.3902
ENSMUST00000160144.8	41.3573	432.1377
ENSMUST00000160372.8	28.6604	299.4691
ENSMUST00000037548.10	41.3573	432.1377
ENSMUST00000022894.13	80.4990	841.1248
ENSMUST00000110362.3	80.4990	841.1248
ENSMUST00000110361.7	0.0020	0.0206
ENSMUST00000041059.11	109.5633	1144.8145
ENSMUST00000103140.4	90.4367	944.9623
ENSMUST00000019649.3	988.0000	10323.4975
ENSMUST00000023113.5	149.0000	1556.8837
ENSMUST00000082437.9	5.9999	62.6928
ENSMUST00000106211.1	0.0001	0.0005
ENSMUST00000020931.5	47.9573	501.1007
ENSMUST00000076949.12	138.0000	1441.9460
ENSMUST00000047419.7	31.0000	323.9154
ENSMUST00000126534.7	564.0000	5893.1706
ENSMUST00000021535.13	141.3978	1477.4487
ENSMUST00000109901.8	28.1354	293.9837
ENSMUST00000168186.7	19.3227	201.9009
ENSMUST00000049385.13	131.0000	1368.8038
ENSMUST00000118209.7	92.6248	967.8256
ENSMUST00000133320.1	14.3752	150.2050
ENSMUST00000224182.1	157.1318	1641.8523
ENSMUST00000116403.8	169.7037	1773.2145
ENSMUST00000043269.13	7.3097	76.3778
ENSMUST00000018311.4	87.9967	919.4677
ENSMUST00000118499.1	0.0000	0.0000
ENSMUST00000102814.4	147.0000	1535.9860
ENSMUST00000219527.1	49.9525	521.9480
ENSMUST00000020268.6	41.0475	428.9005
ENSMUST00000105967.7	128.7869	1345.6796
ENSMUST00000018963.10	251.4484	2627.3547
ENSMUST00000105968.7	37.7647	394.5992
ENSMUST00000053640.3	229.0000	2392.7944
ENSMUST00000001836.10	218.0000	2277.8567
ENSMUST00000075068.13	176.0000	1839.0036
ENSMUST00000015800.15	661.6755	6913.7703
ENSMUST00000184970.7	127.5120	1332.3581
ENSMUST00000002436.9	131.0000	1368.8038
ENSMUST00000003521.9	92.9240	970.9523
ENSMUST00000058089.12	39.0000	407.5062
ENSMUST00000029120.13	39.0000	407.5062
ENSMUST00000075856.10	5.5000	57.4689
ENSMUST00000047898.13	5.5000	57.4689
ENSMUST00000060991.5	97.0000	1013.5418
ENSMUST00000038600.3	80.4133	840.2293
ENSMUST00000123533.7	6.5018	67.9364
ENSMUST00000146332.1	0.0849	0.8872
ENSMUST00000019183.13	150.0000	1567.3326
ENSMUST00000044567.3	63.9985	668.7125
ENSMUST00000210314.1	0.0004	0.0038
ENSMUST00000167493.8	117.9993	1232.9608
ENSMUST00000106033.4	0.0004	0.0038
ENSMUST00000021083.6	102.0000	1065.7862
ENSMUST00000003574.4	467.0000	4879.6289
ENSMUST00000188641.6	169.0000	1765.8614
ENSMUST00000035842.6	86.0000	898.6040
ENSMUST00000032735.7	155.0000	1619.5770
ENSMUST00000037198.9	227.0000	2371.8967
ENSMUST00000026122.10	202.0000	2110.6746
ENSMUST00000042334.14	57.9105	605.0998
ENSMUST00000008826.13	45.3352	473.7018
ENSMUST00000074085.11	15.4148	161.0676
ENSMUST00000102483.4	84.0805	878.5470
ENSMUST00000063838.10	198.0000	2068.8790
ENSMUST00000052865.15	641.2005	6699.8293
ENSMUST00000154371.1	70.7995	739.7762
ENSMUST00000129847.7	17.6250	184.1617
ENSMUST00000175774.8	30.2519	316.0983
ENSMUST00000108415.9	30.2519	316.0983
ENSMUST00000108418.10	33.8905	354.1177
ENSMUST00000108417.9	24.1887	252.7445
ENSMUST00000098679.9	20.2243	211.3213
ENSMUST00000168445.1	205.0000	2142.0212
ENSMUST00000197407.4	57.8058	604.0059
ENSMUST00000068825.7	48.1942	503.5758
ENSMUST00000108988.8	166.8793	1743.7021
ENSMUST00000144458.7	0.1949	2.0370
ENSMUST00000034738.13	138.0000	1441.9460
ENSMUST00000043962.8	201.0000	2100.2257
ENSMUST00000043722.9	136.0000	1421.0482
ENSMUST00000027232.13	99.0000	1034.4395
ENSMUST00000076587.4	99.0000	1034.4395
ENSMUST00000027384.5	10.0000	104.4888
ENSMUST00000030795.9	185.6250	1939.5741
ENSMUST00000033063.14	3.3681	35.1929
ENSMUST00000022242.8	212.0000	2215.1634
ENSMUST00000025208.5	112.0000	1170.2750
ENSMUST00000106197.9	118.6068	1239.3087
ENSMUST00000067936.5	33.3932	348.9217
ENSMUST00000073868.8	27.0000	282.1199
ENSMUST00000051477.12	101.0000	1055.3373
ENSMUST00000186154.6	26.7494	279.5015
ENSMUST00000108125.8	26.7494	279.5015
ENSMUST00000190646.6	11.4709	119.8579
ENSMUST00000132846.1	91.5233	956.3162
ENSMUST00000090749.12	1.4767	15.4300
ENSMUST00000025196.8	108.0000	1128.4795
ENSMUST00000041611.11	114.0700	1191.9047
ENSMUST00000108681.7	0.0000	0.0000
ENSMUST00000108682.8	104.9300	1096.4009
ENSMUST00000108680.1	0.0000	0.0000
ENSMUST00000147276.7	0.0000	0.0000
ENSMUST00000190277.1	216.0000	2256.9590
ENSMUST00000082409.1	216.0000	2256.9590
ENSMUST00000110855.7	83.0000	867.2574
ENSMUST00000050487.14	431.7618	4511.4288
ENSMUST00000097563.8	1209.1458	12634.2243
ENSMUST00000036493.7	122.0000	1274.7639
ENSMUST00000202200.1	36.6728	383.1896
ENSMUST00000103426.2	129.5543	1353.6975
ENSMUST00000177715.7	1207.4457	12616.4605
ENSMUST00000025439.3	239.0000	2497.2833
ENSMUST00000103101.10	167.2120	1747.1790
ENSMUST00000027626.12	187.0000	1953.9413
ENSMUST00000071399.12	58.5555	611.8399
ENSMUST00000103141.3	291.0000	3040.6253
ENSMUST00000080926.12	332.0000	3469.0295
ENSMUST00000029005.3	168.0000	1755.4125
ENSMUST00000115168.8	181.9602	1901.2813
ENSMUST00000042869.6	0.0000	0.0000
ENSMUST00000034834.15	338.0000	3531.7228
ENSMUST00000183204.1	60.2500	629.5453
ENSMUST00000061280.16	60.2500	629.5453
ENSMUST00000182892.7	60.2500	629.5453
ENSMUST00000182823.1	60.2500	629.5453
ENSMUST00000090569.9	23.0000	240.3243
ENSMUST00000025186.14	47.0599	491.7239
ENSMUST00000169397.7	0.0000	0.0000
ENSMUST00000170491.7	74.9401	783.0400
ENSMUST00000067664.9	252.0000	2633.1188
ENSMUST00000112059.9	111.4202	1164.2172
ENSMUST00000026737.11	111.4202	1164.2172
ENSMUST00000198639.1	88.1467	921.0342
ENSMUST00000025211.4	72.0000	752.3197
ENSMUST00000117399.1	577.6097	6035.3768
ENSMUST00000041783.13	214.9997	2246.5069
ENSMUST00000039796.13	125.9621	1316.1631
ENSMUST00000118936.7	0.0379	0.3962
ENSMUST00000041683.8	109.0000	1138.9284
ENSMUST00000189503.6	0.0000	0.0000
ENSMUST00000027478.6	125.0000	1306.1105
ENSMUST00000002444.13	121.5773	1270.3475
ENSMUST00000086801.5	62.4227	652.2471
ENSMUST00000006181.6	99.0000	1034.4395
ENSMUST00000071641.4	115.6224	1208.1247
ENSMUST00000082223.12	70.3776	735.3677
ENSMUST00000033664.13	350.8083	3665.5554
ENSMUST00000020365.14	154.1666	1610.8689
ENSMUST00000141962.7	30.8334	322.1746
ENSMUST00000035170.12	3.0000	31.3467
ENSMUST00000016703.7	188.2316	1966.8105
ENSMUST00000136872.7	25.3810	265.2026
ENSMUST00000214148.1	25.3810	265.2026
ENSMUST00000150232.7	0.6190	6.4684
ENSMUST00000214378.1	0.6190	6.4684
ENSMUST00000148900.7	335.0000	3500.3762
ENSMUST00000025804.5	341.0000	3563.0695
ENSMUST00000169308.7	193.0000	2016.6346
ENSMUST00000102525.10	41.0000	428.4042
ENSMUST00000037906.5	127.0000	1327.0083
ENSMUST00000149936.1	0.1495	1.5623
ENSMUST00000061242.7	59.8003	624.8468
ENSMUST00000163300.7	50.1997	524.5305
ENSMUST00000025375.13	124.9322	1305.4021
ENSMUST00000136983.7	138.7678	1449.9685
ENSMUST00000118623.1	38.2322	399.4840
ENSMUST00000045897.14	401.0000	4190.0025
ENSMUST00000045356.7	15.0000	156.7330
ENSMUST00000021425.7	86.0000	898.6040
ENSMUST00000131374.7	84.9742	887.8858
ENSMUST00000106588.7	0.0121	0.1261
ENSMUST00000053766.13	28.0000	292.5688
ENSMUST00000095342.9	65.0000	679.1775
ENSMUST00000103173.9	58.7495	613.8664
ENSMUST00000030385.12	86.5417	904.2637
ENSMUST00000103410.2	665.9551	6958.4871
ENSMUST00000006467.13	24.1211	252.0387
ENSMUST00000094695.11	107.0000	1118.0306
ENSMUST00000014990.12	24.0000	250.7732
ENSMUST00000021077.3	327.0000	3416.7851
ENSMUST00000053429.9	116.0000	1212.0706
ENSMUST00000170438.7	0.0000	0.0000
ENSMUST00000002176.12	13.4992	141.0515
ENSMUST00000114924.9	0.0000	0.0000
ENSMUST00000114934.10	13.4992	141.0515
ENSMUST00000100429.10	70.2175	733.6946
ENSMUST00000183209.7	15.3419	160.3053
ENSMUST00000182851.7	0.0000	0.0000
ENSMUST00000182706.7	11.6232	121.4497
ENSMUST00000182879.7	81.8190	854.9175
ENSMUST00000161523.7	85.9999	898.6032
ENSMUST00000099991.10	154.1888	1611.1007
ENSMUST00000126869.1	9.8745	103.1772
ENSMUST00000143682.7	2.9574	30.9013
ENSMUST00000115163.3	2.9574	30.9013
ENSMUST00000023952.8	353.0000	3688.4561
ENSMUST00000111299.7	47.3358	494.6058
ENSMUST00000111300.7	47.3358	494.6058
ENSMUST00000064950.10	20.3284	212.4095
ENSMUST00000097467.7	0.0000	0.0004
ENSMUST00000035033.6	164.0000	1713.6170
ENSMUST00000042105.10	216.0000	2256.9590
ENSMUST00000167273.1	0.0000	0.0000
ENSMUST00000069330.13	0.0000	0.0000
ENSMUST00000165735.8	0.0000	0.0000
ENSMUST00000115315.2	0.0000	0.0000
ENSMUST00000213815.1	0.0000	0.0000
ENSMUST00000064922.6	58.0000	606.0353
ENSMUST00000135573.7	181.0000	1891.2480
ENSMUST00000039610.9	207.5069	2168.2155
ENSMUST00000215822.1	0.6121	6.3960
ENSMUST00000216838.1	5.8810	61.4496
ENSMUST00000140974.7	88.7953	927.8116
ENSMUST00000114654.7	13.3333	139.3185
ENSMUST00000114657.8	13.3333	139.3185
ENSMUST00000114655.7	13.3333	139.3185
ENSMUST00000088546.11	13.3333	139.3185
ENSMUST00000114653.1	13.3333	139.3185
ENSMUST00000114656.7	13.3333	139.3185
ENSMUST00000085585.11	170.0000	1776.3103
ENSMUST00000135833.1	27.0000	282.1199
ENSMUST00000082414.1	85.0000	888.1551
ENSMUST00000038829.6	101.0000	1055.3373
ENSMUST00000022842.14	82.0000	856.8085
ENSMUST00000106454.7	2.7684	28.9263
ENSMUST00000027921.10	128.0000	1337.4572
ENSMUST00000225023.1	25.6104	267.6005
ENSMUST00000169826.2	5.6256	58.7813
ENSMUST00000044158.12	265.0000	2768.9543
ENSMUST00000102508.9	41.0092	428.5005
ENSMUST00000102507.9	20.9856	219.2758
ENSMUST00000030518.15	1.0352	10.8165
ENSMUST00000042675.8	5.9700	62.3802
ENSMUST00000119161.8	68.1983	712.5964
ENSMUST00000124973.8	18.8017	196.4565
ENSMUST00000025083.13	104.0000	1086.6839
ENSMUST00000030427.5	128.0000	1337.4572
ENSMUST00000022704.7	274.0000	2862.9942
ENSMUST00000025811.4	110.0000	1149.3772
ENSMUST00000011896.6	189.0000	1974.8391
ENSMUST00000082421.1	112.0000	1170.2750
ENSMUST00000204965.2	12.6350	132.0216
ENSMUST00000031367.14	89.6402	936.6404
ENSMUST00000041982.7	50.1063	523.5551
ENSMUST00000171231.7	229.8937	2402.1324
ENSMUST00000086519.11	110.0000	1149.3772
ENSMUST00000154960.7	0.0033	0.0341
ENSMUST00000025420.13	27.9047	291.5731
ENSMUST00000113195.7	0.0000	0.0000
ENSMUST00000044503.13	229.0000	2392.7944
ENSMUST00000153832.7	10.3598	108.2480
ENSMUST00000055349.14	156.0000	1630.0259
ENSMUST00000164147.7	57.6595	602.4772
ENSMUST00000112509.1	136.3405	1424.6063
ENSMUST00000201203.3	207.4154	2167.2594
ENSMUST00000202951.3	31.5846	330.0239
ENSMUST00000124502.7	0.0000	0.0000
ENSMUST00000154322.7	2.1041	21.9854
ENSMUST00000005592.6	280.8959	2935.0488
ENSMUST00000103143.9	166.0000	1734.5148
ENSMUST00000180575.2	50.5000	527.6686
ENSMUST00000046094.4	50.5000	527.6686
ENSMUST00000067912.7	166.0000	1734.5148
ENSMUST00000050214.7	144.0000	1504.6393
ENSMUST00000048781.3	189.0000	1974.8391
ENSMUST00000178049.1	1.2363	12.9180
ENSMUST00000085546.12	85.7637	896.1349
ENSMUST00000094361.10	99.4988	1039.6510
ENSMUST00000002599.9	78.0000	815.0130
ENSMUST00000100527.10	78.0000	815.0130
ENSMUST00000036734.5	23.0000	240.3243
ENSMUST00000019962.14	199.0000	2079.3279
ENSMUST00000003117.14	164.0000	1713.6170
ENSMUST00000113127.6	140.4099	1467.1265
ENSMUST00000202258.3	2.5901	27.0640
ENSMUST00000026420.6	6.0000	62.6933
ENSMUST00000100497.10	769.9974	8045.6139
ENSMUST00000115571.7	38.0000	397.0576
ENSMUST00000025300.12	38.0000	397.0576
ENSMUST00000115567.7	38.0000	397.0576
ENSMUST00000209364.1	0.0000	0.0000
ENSMUST00000210789.1	0.0000	0.0000
ENSMUST00000076313.12	233.0000	2434.5899
ENSMUST00000211712.1	0.0000	0.0000
ENSMUST00000030320.12	75.0000	783.6663
ENSMUST00000163666.2	143.4281	1498.6632
ENSMUST00000128519.7	133.5719	1395.6777
ENSMUST00000077755.10	153.0000	1598.6793
ENSMUST00000172785.7	327.0000	3416.7851
ENSMUST00000053646.6	142.0000	1483.7415
ENSMUST00000152522.7	10.7880	112.7223
ENSMUST00000170715.7	287.3864	3002.8667
ENSMUST00000054289.12	114.5209	1196.6158
ENSMUST00000146867.1	14.0493	146.7999
ENSMUST00000090023.12	106.0000	1107.5817
ENSMUST00000007216.8	106.0000	1107.5817
ENSMUST00000099194.3	232.0000	2424.1411
ENSMUST00000184053.7	159.0000	1661.3726
ENSMUST00000031779.16	208.0000	2173.3679
ENSMUST00000106839.8	107.9519	1127.9771
ENSMUST00000114242.8	77.6667	811.5300
ENSMUST00000025193.12	77.6667	811.5300
ENSMUST00000154232.8	77.6667	811.5300
ENSMUST00000025867.5	210.0000	2194.2657
ENSMUST00000045235.7	116.0000	1212.0706
ENSMUST00000024839.4	61.0000	637.3819
ENSMUST00000001043.13	242.9190	2538.2324
ENSMUST00000059037.14	226.9999	2371.8953
ENSMUST00000025989.8	315.0000	3291.3985
ENSMUST00000180095.3	64.4682	673.6205
ENSMUST00000204177.2	3.3515	35.0190
ENSMUST00000087351.7	46.7432	488.4142
ENSMUST00000036004.15	37.2568	389.2921
ENSMUST00000041008.9	150.0000	1567.3326
ENSMUST00000021990.3	151.4101	1582.0662
ENSMUST00000224244.1	8.5899	89.7552
ENSMUST00000149985.7	162.2193	1695.0103
ENSMUST00000010241.13	125.4880	1311.2096
ENSMUST00000197679.4	91.6444	957.5819
ENSMUST00000029559.6	247.3556	2584.5898
ENSMUST00000006496.14	63.9374	668.0745
ENSMUST00000064709.11	80.2838	838.8761
ENSMUST00000056449.8	17.6667	184.5970
ENSMUST00000135312.2	17.6667	184.5970
ENSMUST00000131607.6	17.6667	184.5970
ENSMUST00000001675.13	211.5284	2210.2354
ENSMUST00000111644.1	7.4716	78.0702
ENSMUST00000109701.9	0.0000	0.0004
ENSMUST00000116389.8	0.0000	0.0001
ENSMUST00000030118.9	140.9995	1473.2875
ENSMUST00000040766.8	79.0000	825.4618
ENSMUST00000164233.7	0.0005	0.0051
ENSMUST00000110325.7	146.8700	1534.6272
ENSMUST00000073707.8	25.8585	270.1924
ENSMUST00000017799.11	10.1224	105.7674
ENSMUST00000041826.13	181.2329	1893.6810
ENSMUST00000075299.12	105.2408	1099.6493
ENSMUST00000220032.1	73.4363	767.3273
ENSMUST00000024701.7	134.0000	1400.1505
ENSMUST00000020085.6	58.0000	606.0353
ENSMUST00000045247.8	65.0000	679.1775
ENSMUST00000019470.13	71.0000	741.8708
ENSMUST00000115844.1	72.0000	752.3197
ENSMUST00000023189.13	72.0000	752.3197
ENSMUST00000059644.12	15.0000	156.7333
ENSMUST00000021368.9	58.5435	611.7142
ENSMUST00000099329.4	240.0000	2507.7322
ENSMUST00000129909.7	0.0000	0.0001
ENSMUST00000081940.10	15.0480	157.2349
ENSMUST00000125184.7	9.0894	94.9739
ENSMUST00000140679.7	0.0000	0.0001
ENSMUST00000089430.5	12.4589	130.1818
ENSMUST00000121623.7	0.0000	0.0000
ENSMUST00000127793.1	19.4037	202.7467
ENSMUST00000010189.2	170.0000	1776.3103
ENSMUST00000170953.2	29.7932	311.3057
ENSMUST00000154313.1	29.8448	311.8445
ENSMUST00000211256.1	3.0189	31.5444
ENSMUST00000211672.1	3.0189	31.5444
ENSMUST00000146923.7	102.1099	1066.9348
ENSMUST00000038845.9	70.0000	731.4219
ENSMUST00000081111.13	84.0000	877.7063
ENSMUST00000022099.14	169.3747	1769.7768
ENSMUST00000123766.7	5.6253	58.7779
ENSMUST00000177451.7	131.8824	1378.0234
ENSMUST00000111230.7	385.0000	4022.8204
ENSMUST00000063719.14	66.0000	689.6263
ENSMUST00000032183.5	105.0000	1097.1328
ENSMUST00000044579.11	60.4286	631.4110
ENSMUST00000150213.7	31.7634	331.8925
ENSMUST00000125024.7	23.2366	242.7961
ENSMUST00000054002.3	93.0000	971.7462
ENSMUST00000153941.7	36.0049	376.2107
ENSMUST00000144826.1	116.9951	1222.4686
ENSMUST00000074557.9	113.0000	1180.7239
ENSMUST00000223396.1	100.0000	1044.8884
ENSMUST00000015903.10	49.5000	517.2198
ENSMUST00000146629.1	49.5000	517.2198
ENSMUST00000008462.10	95.0000	992.6440
ENSMUST00000165853.1	35.5000	370.9354
ENSMUST00000030578.13	35.5000	370.9354
ENSMUST00000147842.1	33.2859	347.8005
ENSMUST00000114276.2	42.7141	446.3147
ENSMUST00000029358.14	192.0000	2006.1857
ENSMUST00000006523.11	29.0633	303.6790
ENSMUST00000077191.6	53.0000	553.7909
ENSMUST00000112172.3	137.2667	1434.2835
ENSMUST00000112176.7	4.7333	49.4581
ENSMUST00000132827.7	51.6434	539.6159
ENSMUST00000132484.6	19.2378	201.0137
ENSMUST00000035214.10	3.5000	36.5711
ENSMUST00000177158.1	3.5000	36.5711
ENSMUST00000028222.12	211.3712	2208.5929
ENSMUST00000055704.11	112.0000	1170.2750
ENSMUST00000001327.9	339.7584	3550.0966
ENSMUST00000216816.1	39.6667	414.4724
ENSMUST00000049263.8	39.6667	414.4724
ENSMUST00000217593.1	39.6667	414.4724
ENSMUST00000103203.7	0.1667	1.7415
ENSMUST00000179001.7	0.1667	1.7415
ENSMUST00000103202.9	0.1667	1.7415
ENSMUST00000161620.7	0.1667	1.7415
ENSMUST00000049262.13	0.1667	1.7415
ENSMUST00000099113.9	0.1667	1.7415
ENSMUST00000024627.13	256.9333	2684.6666
ENSMUST00000111610.10	71.5000	747.0952
ENSMUST00000164655.1	71.5000	747.0952
ENSMUST00000037099.8	114.0000	1191.1728
ENSMUST00000025979.12	103.6270	1082.7862
ENSMUST00000176939.7	15.5441	162.4181
ENSMUST00000150350.8	44.4749	464.7130
ENSMUST00000209467.1	0.0314	0.3279
ENSMUST00000042834.3	90.0000	940.3996
ENSMUST00000026989.14	195.4826	2042.5751
ENSMUST00000153065.7	1.5174	15.8551
ENSMUST00000090006.11	286.0000	2988.3808
ENSMUST00000040992.7	54.0000	564.2397
ENSMUST00000170157.7	27.1462	283.6480
ENSMUST00000010239.5	148.8538	1555.3556
ENSMUST00000071555.12	714.5456	7466.2041
ENSMUST00000106215.10	11.4431	119.5681
ENSMUST00000180278.1	65.8195	687.7408
ENSMUST00000030279.14	56.1805	587.0230
ENSMUST00000121542.1	54.3809	568.2196
ENSMUST00000119848.7	0.5092	5.3203
ENSMUST00000139754.7	0.0000	0.0000
ENSMUST00000080861.5	53.8542	562.7159
ENSMUST00000040402.13	67.0000	700.0752
ENSMUST00000111564.7	81.4799	851.3738
ENSMUST00000111566.8	71.3939	745.9865
ENSMUST00000111561.7	66.6523	696.4417
ENSMUST00000148407.7	26.3778	275.6185
ENSMUST00000054547.8	2.9914	31.2568
ENSMUST00000165563.7	190.6441	1992.0178
ENSMUST00000020311.12	22.2750	232.7492
ENSMUST00000092508.11	12.0809	126.2319
ENSMUST00000014546.14	88.0000	919.5018
ENSMUST00000024810.6	118.5742	1238.9679
ENSMUST00000084125.9	116.0000	1212.0706
ENSMUST00000094014.9	60.0000	626.9330
ENSMUST00000000608.7	317.0000	3312.2962
ENSMUST00000120377.7	164.2941	1716.6902
ENSMUST00000161527.7	140.5579	1468.6729
ENSMUST00000053872.11	105.0000	1097.1328
ENSMUST00000151287.7	152.0000	1588.2304
ENSMUST00000022060.6	52.0000	543.3420
ENSMUST00000222759.1	52.0000	543.3420
ENSMUST00000128156.8	67.0000	700.0752
ENSMUST00000078834.11	0.0000	0.0000
ENSMUST00000030610.2	82.0000	856.8085
ENSMUST00000021313.8	133.0000	1389.7016
ENSMUST00000072503.12	24.9836	261.0505
ENSMUST00000210640.1	24.9836	261.0505
ENSMUST00000022815.8	38.0000	397.0576
ENSMUST00000021091.14	127.9878	1337.3297
ENSMUST00000102520.8	0.0000	0.0000
ENSMUST00000084885.11	62.8265	656.4670
ENSMUST00000216891.1	62.8265	656.4670
ENSMUST00000009885.13	62.8265	656.4670
ENSMUST00000216293.1	29.5204	308.4558
ENSMUST00000034245.15	98.0000	1023.9906
ENSMUST00000014370.10	182.0000	1901.6969
ENSMUST00000073089.12	102.0000	1065.7862
ENSMUST00000034720.11	148.0000	1546.4348
ENSMUST00000076961.8	19.0000	198.5288
ENSMUST00000040404.7	132.5500	1384.9996
ENSMUST00000151304.7	166.0000	1734.5148
ENSMUST00000078050.6	73.5000	767.9930
ENSMUST00000109214.7	73.5000	767.9930
ENSMUST00000018437.2	85.4316	892.6647
ENSMUST00000015435.10	23.2226	242.6498
ENSMUST00000146013.7	23.2226	242.6498
ENSMUST00000149391.7	18.5549	193.8778
ENSMUST00000189941.1	41.0000	428.4042
ENSMUST00000082408.1	41.0000	428.4042
ENSMUST00000007959.13	76.0000	794.1152
ENSMUST00000178474.7	211.9998	2215.1608
ENSMUST00000103009.4	0.0000	0.0000
ENSMUST00000138502.1	30.0000	313.4665
ENSMUST00000021698.12	3.5012	36.5841
ENSMUST00000105331.7	41.2869	431.4025
ENSMUST00000143517.7	25.9122	270.7537
ENSMUST00000141357.1	0.0000	0.0000
ENSMUST00000111289.7	0.0000	0.0000
ENSMUST00000100874.5	111.0000	1159.8261
ENSMUST00000014457.14	6.0000	62.6933
ENSMUST00000005185.7	11.0000	114.9377
ENSMUST00000064104.12	94.0000	982.1951
ENSMUST00000099173.10	14.5000	151.5088
ENSMUST00000166171.7	14.5000	151.5088
ENSMUST00000076052.7	77.0000	804.5641
ENSMUST00000041213.11	65.7425	686.9361
ENSMUST00000168720.7	47.2575	493.7878
ENSMUST00000105613.9	200.9994	2100.2189
ENSMUST00000030939.13	0.0006	0.0068
ENSMUST00000020022.7	217.0000	2267.4078
ENSMUST00000123989.7	135.4258	1415.0486
ENSMUST00000029699.12	234.7059	2452.4146
ENSMUST00000004554.13	47.4947	496.2670
ENSMUST00000108539.7	47.4947	496.2670
ENSMUST00000202008.1	0.0000	0.0000
ENSMUST00000187279.6	1.0000	10.4489
ENSMUST00000111999.7	44.1572	461.3937
ENSMUST00000031486.13	68.8428	719.3302
ENSMUST00000115165.9	0.0220	0.2299
ENSMUST00000034065.13	19.0391	198.9377
ENSMUST00000120689.7	19.0391	198.9377
ENSMUST00000125717.7	19.0391	198.9377
ENSMUST00000186469.6	168.5585	1761.2484
ENSMUST00000117551.3	55.0000	574.6886
ENSMUST00000101094.8	50.6024	528.7391
ENSMUST00000029814.9	90.0000	940.3996
ENSMUST00000034689.7	46.0000	480.6487
ENSMUST00000021595.9	63.0000	658.2797
ENSMUST00000041231.13	138.0000	1441.9460
ENSMUST00000045628.14	169.9699	1775.9956
ENSMUST00000003512.8	68.6031	716.8258
ENSMUST00000210642.1	2.3969	25.0449
ENSMUST00000133426.7	188.0000	1964.3902
ENSMUST00000030446.14	21.0000	219.4266
ENSMUST00000026262.7	167.0000	1744.9636
ENSMUST00000090070.5	179.0000	1870.3502
ENSMUST00000035105.6	88.9249	929.1659
ENSMUST00000217317.1	8.5125	88.9465
ENSMUST00000217356.1	13.5626	141.7137
ENSMUST00000033326.9	204.0000	2131.5723
ENSMUST00000102980.10	108.0000	1128.4795
ENSMUST00000018184.9	91.0000	950.8484
ENSMUST00000144258.7	96.8168	1011.6271
ENSMUST00000005616.15	96.8168	1011.6271
ENSMUST00000220041.1	35.5195	371.1394
ENSMUST00000020174.6	2.4805	25.9182
ENSMUST00000067404.12	45.5000	475.4242
ENSMUST00000111663.8	45.5000	475.4242
ENSMUST00000110505.7	0.0000	0.0000
ENSMUST00000016400.8	108.0000	1128.4795
ENSMUST00000059980.10	11.0000	114.9377
ENSMUST00000082429.6	39.0000	407.5065
ENSMUST00000032968.6	137.1908	1433.4903
ENSMUST00000206325.1	19.0079	198.6113
ENSMUST00000205997.1	33.8014	353.1865
ENSMUST00000100194.8	53.1004	554.8403
ENSMUST00000113377.7	36.8996	385.5592
ENSMUST00000201469.3	11.0000	114.9377
ENSMUST00000117661.8	11.0000	114.9377
ENSMUST00000024846.12	0.0000	0.0000
ENSMUST00000148960.7	40.5429	423.6276
ENSMUST00000068795.3	76.0000	794.1152
ENSMUST00000077290.8	259.0000	2706.2610
ENSMUST00000094329.10	63.0000	658.2797
ENSMUST00000074046.12	63.0000	658.2797
ENSMUST00000103091.8	63.0000	658.2797
ENSMUST00000117557.7	1.1735	12.2617
ENSMUST00000112268.2	32.0000	334.3643
ENSMUST00000151390.7	192.5547	2011.9819
ENSMUST00000109102.3	236.0000	2465.9366
ENSMUST00000031697.8	363.0000	3792.9449
ENSMUST00000107343.7	0.0810	0.8464
ENSMUST00000220758.1	173.0000	1807.6569
ENSMUST00000114996.7	182.9176	1911.2853
ENSMUST00000225674.1	94.8548	991.1267
ENSMUST00000027123.14	185.0000	1933.0436
ENSMUST00000027303.13	106.5048	1112.8559
ENSMUST00000026599.9	23.0000	240.3243
ENSMUST00000029385.8	60.0000	626.9330
ENSMUST00000020238.13	286.0000	2988.3808
ENSMUST00000116560.2	25.5347	266.8095
ENSMUST00000209469.1	95.4653	997.5054
ENSMUST00000044019.15	217.0000	2267.4078
ENSMUST00000124826.1	0.0000	0.0000
ENSMUST00000034878.11	138.0000	1441.9460
ENSMUST00000120690.1	0.0000	0.0000
ENSMUST00000209474.1	19.5652	204.4349
ENSMUST00000194170.1	59.0000	616.4842
ENSMUST00000128258.1	111.0000	1159.8261
ENSMUST00000113619.7	21.4935	224.5835
ENSMUST00000204653.2	57.2220	597.9060
ENSMUST00000032138.14	68.4214	714.9273
ENSMUST00000204890.2	19.8631	207.5467
ENSMUST00000176207.7	0.0000	0.0000
ENSMUST00000103075.10	180.0000	1880.7991
ENSMUST00000163168.8	146.0000	1525.5371
ENSMUST00000029806.12	32.3311	337.8236
ENSMUST00000136613.3	2.6689	27.8874
ENSMUST00000120267.8	79.0882	826.3835
ENSMUST00000122116.7	16.4971	172.3763
ENSMUST00000139609.7	79.0882	826.3835
ENSMUST00000167918.7	0.0000	0.0000
ENSMUST00000164378.7	0.0000	0.0000
ENSMUST00000169094.7	0.0000	0.0000
ENSMUST00000022782.8	185.0000	1933.0436
ENSMUST00000011058.8	167.0000	1744.9636
ENSMUST00000084838.12	61.0000	637.3819
ENSMUST00000154617.7	23.0000	240.3243
ENSMUST00000001989.8	136.9894	1431.3859
ENSMUST00000089217.10	0.0106	0.1113
ENSMUST00000082419.1	68.0000	710.5241
ENSMUST00000108612.7	29.6528	309.8389
ENSMUST00000108611.7	20.4351	213.5239
ENSMUST00000109605.3	110.0000	1149.3772
ENSMUST00000056950.13	89.0000	929.9507
ENSMUST00000133820.1	89.0000	929.9507
ENSMUST00000138741.1	70.0000	731.4219
ENSMUST00000210106.1	78.9762	825.2136
ENSMUST00000222435.1	14.4569	151.0585
ENSMUST00000002532.8	191.1819	1997.6376
ENSMUST00000108771.1	0.0000	0.0000
ENSMUST00000108776.7	0.0000	0.0000
ENSMUST00000165416.7	0.2890	3.0196
ENSMUST00000108778.7	0.2890	3.0196
ENSMUST00000108772.7	0.0000	0.0000
ENSMUST00000108769.7	0.2401	2.5090
ENSMUST00000000756.5	287.9463	3008.7171
ENSMUST00000099514.9	45.9740	480.3766
ENSMUST00000142618.7	45.9740	480.3766
ENSMUST00000021063.12	158.0000	1650.9237
ENSMUST00000005017.14	186.0000	1943.4924
ENSMUST00000202020.1	86.5000	903.8285
ENSMUST00000025684.3	86.5000	903.8285
ENSMUST00000080492.5	6.7500	70.5300
ENSMUST00000076364.5	57.2275	597.9636
ENSMUST00000092266.10	14.4453	150.9371
ENSMUST00000134487.1	10.1314	105.8621
ENSMUST00000139253.7	10.1314	105.8621
ENSMUST00000110615.7	7.0590	73.7584
ENSMUST00000167610.1	0.0000	0.0000
ENSMUST00000086325.11	138.0000	1441.9460
ENSMUST00000174510.7	158.0000	1650.9237
ENSMUST00000097281.2	43.0000	449.3020
ENSMUST00000001455.12	18.5794	194.1338
ENSMUST00000119251.7	10.4206	108.8838
ENSMUST00000010201.8	71.7385	749.5871
ENSMUST00000193628.5	0.2615	2.7326
ENSMUST00000060955.11	59.5321	622.0441
ENSMUST00000110142.7	59.5321	622.0441
ENSMUST00000149854.7	40.8174	426.4958
ENSMUST00000145694.7	27.0786	282.9409
ENSMUST00000002976.4	163.0000	1703.1681
ENSMUST00000077890.11	0.0003	0.0032
ENSMUST00000074267.4	44.2105	461.9499
ENSMUST00000221871.1	2.7895	29.1477
ENSMUST00000007865.6	39.0000	407.5065
ENSMUST00000100770.8	13.6308	142.4267
ENSMUST00000003049.7	156.9992	1640.4664
ENSMUST00000208551.1	0.0008	0.0084
ENSMUST00000208253.1	0.0000	0.0000
ENSMUST00000002818.8	79.0000	825.4618
ENSMUST00000040655.12	509.0000	5318.4820
ENSMUST00000138143.7	169.9826	1776.1280
ENSMUST00000205335.1	48.5000	506.7709
ENSMUST00000206765.1	48.5000	506.7709
ENSMUST00000032177.9	0.0000	0.0000
ENSMUST00000143630.7	10.3265	107.9002
ENSMUST00000169576.7	20.2500	211.5899
ENSMUST00000105267.7	20.2500	211.5899
ENSMUST00000168036.7	20.2500	211.5899
ENSMUST00000164088.7	20.2500	211.5899
ENSMUST00000162708.6	186.0000	1943.4924
ENSMUST00000221654.1	123.0000	1285.2127
ENSMUST00000163473.7	1.1441	11.9546
ENSMUST00000005234.12	257.0000	2685.3632
ENSMUST00000000687.7	100.0000	1044.8884
ENSMUST00000141191.7	8.0015	83.6072
ENSMUST00000067955.11	16.5280	172.6992
ENSMUST00000049357.9	230.0000	2403.2433
ENSMUST00000029446.12	77.0389	804.9705
ENSMUST00000197488.4	20.0909	209.9279
ENSMUST00000030028.4	135.0000	1410.5993
ENSMUST00000010249.5	72.0000	752.3197
ENSMUST00000163085.7	80.0000	835.9107
ENSMUST00000011623.7	199.0000	2079.3279
ENSMUST00000037646.8	1.5637	16.3387
ENSMUST00000219370.1	0.0000	0.0004
ENSMUST00000203077.2	8.5220	89.0451
ENSMUST00000042990.6	7.9745	83.3242
ENSMUST00000204293.2	0.3638	3.8011
ENSMUST00000203436.2	2.1398	22.3584
ENSMUST00000067631.6	118.0000	1232.9683
ENSMUST00000000388.14	149.0000	1556.8837
ENSMUST00000000028.13	146.0000	1525.5371
ENSMUST00000006035.12	50.6585	529.3251
ENSMUST00000088650.10	13.3415	139.4035
ENSMUST00000106291.9	0.0479	0.5003
ENSMUST00000197539.4	0.0479	0.5003
ENSMUST00000197859.4	112.8072	1178.7097
ENSMUST00000166033.5	0.0479	0.5003
ENSMUST00000197134.2	0.0402	0.4206
ENSMUST00000002091.5	66.0000	689.6263
ENSMUST00000025679.10	129.1753	1349.7382
ENSMUST00000123594.7	0.8247	8.6167
ENSMUST00000048155.15	154.0000	1609.1281
ENSMUST00000027432.8	204.6850	2138.7297
ENSMUST00000026495.14	184.8899	1931.8931
ENSMUST00000114748.1	7.1101	74.2927
ENSMUST00000124992.7	85.0000	888.1551
ENSMUST00000148628.7	0.0000	0.0000
ENSMUST00000002327.5	223.0000	2330.1011
ENSMUST00000015877.13	90.0000	940.3996
ENSMUST00000161428.7	0.0000	0.0000
ENSMUST00000010192.10	34.6774	362.3399
ENSMUST00000082392.1	81.0000	846.3596
ENSMUST00000139715.7	0.0000	0.0000
ENSMUST00000026558.6	207.4955	2168.0960
ENSMUST00000072232.8	50.0000	522.4442
ENSMUST00000212824.1	111.9835	1170.1027
ENSMUST00000109547.1	14.0150	146.4416
ENSMUST00000055475.7	59.0000	616.4842
ENSMUST00000001809.14	105.0000	1097.1328
ENSMUST00000079961.13	0.0014	0.0151
ENSMUST00000026425.12	13.3359	139.3449
ENSMUST00000073605.14	0.5659	5.9133
ENSMUST00000117757.8	0.5659	5.9133
ENSMUST00000107041.4	14.8654	155.3268
ENSMUST00000192506.1	0.0000	0.0000
ENSMUST00000006435.7	64.0000	668.7286
ENSMUST00000163643.2	86.9398	908.4235
ENSMUST00000036951.12	75.0000	783.6663
ENSMUST00000037633.14	142.1241	1485.0386
ENSMUST00000210708.1	2.5045	26.1697
ENSMUST00000181228.2	104.9861	1096.9872
ENSMUST00000045864.2	104.9861	1096.9872
ENSMUST00000166123.8	227.8831	2381.1245
ENSMUST00000050993.10	0.0000	0.0000
ENSMUST00000222375.1	1.0853	11.3404
ENSMUST00000029549.15	142.5879	1489.8847
ENSMUST00000118566.7	1.4121	14.7546
ENSMUST00000065263.11	53.0000	553.7909
ENSMUST00000199808.4	53.0000	553.7909
ENSMUST00000124566.1	67.5000	705.2997
ENSMUST00000033160.14	67.5000	705.2997
ENSMUST00000028200.8	104.4952	1091.8586
ENSMUST00000027579.16	0.0002	0.0026
ENSMUST00000099353.4	53.0000	553.7909
ENSMUST00000159553.7	30.5000	318.6910
ENSMUST00000044053.12	30.5000	318.6910
ENSMUST00000040314.11	3.0000	31.3467
ENSMUST00000082418.1	123.0000	1285.2127
ENSMUST00000034827.9	58.0000	606.0353
ENSMUST00000110082.10	208.0000	2173.3679
ENSMUST00000103198.10	333.9331	3489.2285
ENSMUST00000085096.9	33.5000	350.0376
ENSMUST00000068411.4	33.5000	350.0376
ENSMUST00000028938.6	28.0000	292.5688
ENSMUST00000103147.4	73.0000	762.7685
ENSMUST00000025563.6	169.0000	1765.8614
ENSMUST00000090938.10	125.8017	1314.4869
ENSMUST00000006900.6	29.0000	303.0176
ENSMUST00000025601.6	184.0000	1922.5947
ENSMUST00000169159.2	228.0000	2382.3456
ENSMUST00000017572.13	56.4796	590.1487
ENSMUST00000173938.7	56.4796	590.1487
ENSMUST00000210587.1	30.0000	313.4665
ENSMUST00000063694.9	62.0000	647.8308
ENSMUST00000029508.10	163.9096	1712.6724
ENSMUST00000103146.4	31.0000	323.9154
ENSMUST00000151118.1	0.0000	0.0001
ENSMUST00000023365.12	6.0000	62.6933
ENSMUST00000120135.7	29.0000	303.0176
ENSMUST00000109722.8	0.0000	0.0000
ENSMUST00000109721.2	0.0000	0.0000
ENSMUST00000138166.7	32.0000	334.3643
ENSMUST00000004140.10	72.0000	752.3197
ENSMUST00000042726.13	29.8519	311.9185
ENSMUST00000103321.2	3.0409	31.7741
ENSMUST00000180036.7	25.9997	271.6679
ENSMUST00000132945.7	6.3665	66.5226
ENSMUST00000003152.13	65.0000	679.1775
ENSMUST00000019677.11	104.0545	1087.2530
ENSMUST00000144235.7	18.5527	193.8549
ENSMUST00000035836.13	44.5000	464.9753
ENSMUST00000165052.7	44.5000	464.9753
ENSMUST00000209779.1	182.3449	1905.3011
ENSMUST00000192561.5	105.3143	1100.4164
ENSMUST00000034915.14	102.0000	1065.7862
ENSMUST00000123320.7	0.0000	0.0000
ENSMUST00000139066.7	233.0000	2434.5900
ENSMUST00000096240.2	159.0000	1661.3726
ENSMUST00000021620.12	66.2873	692.6280
ENSMUST00000141055.1	1.1093	11.5909
ENSMUST00000035532.12	20.4762	213.9533
ENSMUST00000055518.12	20.4762	213.9533
ENSMUST00000109905.4	105.0000	1097.1328
ENSMUST00000058060.13	92.0000	961.2973
ENSMUST00000165806.7	37.5000	391.8332
ENSMUST00000019929.12	37.5000	391.8332
ENSMUST00000100339.8	28.6154	298.9988
ENSMUST00000165537.7	13.7590	143.7658
ENSMUST00000109620.9	13.7590	143.7658
ENSMUST00000175714.7	3.9897	41.6882
ENSMUST00000175752.7	0.3024	3.1593
ENSMUST00000176325.7	0.1900	1.9851
ENSMUST00000064703.12	61.9851	647.6754
ENSMUST00000149405.2	0.7162	7.4834
ENSMUST00000027986.4	1.0824	11.3094
ENSMUST00000198688.4	0.0000	0.0000
ENSMUST00000220994.1	32.9995	344.8076
ENSMUST00000021959.10	12.0000	125.3866
ENSMUST00000103029.9	100.9991	1055.3274
ENSMUST00000100171.2	55.6288	581.2591
ENSMUST00000029643.14	45.0000	470.1998
ENSMUST00000088454.11	17.6667	184.5970
ENSMUST00000100262.2	17.6667	184.5970
ENSMUST00000088452.10	17.6667	184.5970
ENSMUST00000028963.13	81.1385	847.8071
ENSMUST00000124526.1	0.0000	0.0000
ENSMUST00000050328.14	113.0000	1180.7239
ENSMUST00000063683.6	213.0000	2225.6123
ENSMUST00000030365.5	105.0000	1097.1328
ENSMUST00000035010.9	70.0000	731.4219
ENSMUST00000115222.9	59.0000	616.4842
ENSMUST00000216649.1	59.0000	616.4842
ENSMUST00000025142.11	26.0000	271.6710
ENSMUST00000040972.3	87.0000	909.0529
ENSMUST00000023269.4	20.0000	208.9776
ENSMUST00000030851.6	5.0000	52.2444
ENSMUST00000193675.1	0.0022	0.0225
ENSMUST00000120630.2	136.9357	1430.8255
ENSMUST00000060918.10	63.0643	658.9513
ENSMUST00000033156.4	111.0000	1159.8261
ENSMUST00000038946.8	0.0000	0.0001
ENSMUST00000105966.1	0.0000	0.0000
ENSMUST00000149521.7	0.0000	0.0000
ENSMUST00000224945.1	7.9998	83.5888
ENSMUST00000091355.11	35.0182	365.9014
ENSMUST00000103028.7	0.0009	0.0099
ENSMUST00000024042.3	35.0000	365.7109
ENSMUST00000106513.9	6.6344	69.3221
ENSMUST00000098817.2	14.0000	146.2844
ENSMUST00000164688.1	0.2661	2.7801
ENSMUST00000164957.7	40.0390	418.3627
ENSMUST00000171245.7	0.2661	2.7801
ENSMUST00000023810.11	15.4289	161.2146
ENSMUST00000024739.13	146.0000	1525.5371
ENSMUST00000035014.7	0.0000	0.0000
ENSMUST00000061101.11	64.0000	668.7286
ENSMUST00000026624.10	77.0000	804.5641
ENSMUST00000165532.2	46.5785	486.6930
ENSMUST00000213310.1	6.4215	67.0979
ENSMUST00000115817.2	84.0000	877.7063
ENSMUST00000009220.4	33.0000	344.8132
ENSMUST00000102536.10	14.0000	146.2844
ENSMUST00000030436.11	138.0000	1441.9460
ENSMUST00000038038.7	19.0000	198.5288
ENSMUST00000202917.1	54.0000	564.2397
ENSMUST00000065373.5	137.7154	1438.9728
ENSMUST00000094434.12	165.5669	1729.9889
ENSMUST00000003469.7	216.0000	2256.9590
ENSMUST00000123602.1	0.0000	0.0000
ENSMUST00000032344.11	75.0096	783.7661
ENSMUST00000111892.7	8.9904	93.9402
ENSMUST00000050556.10	6.6636	69.6273
ENSMUST00000202908.1	6.6636	69.6273
ENSMUST00000048250.9	2.0000	20.8978
ENSMUST00000198872.1	0.0000	0.0000
ENSMUST00000122279.1	0.0051	0.0537
ENSMUST00000118551.7	0.0007	0.0077
ENSMUST00000025511.9	54.9941	574.6272
ENSMUST00000137400.7	0.0000	0.0000
ENSMUST00000127568.7	0.0000	0.0000
ENSMUST00000093955.11	22.0451	230.3462
ENSMUST00000141169.1	6.4775	67.6824
ENSMUST00000152700.7	6.4775	67.6824
ENSMUST00000200497.4	2.7671	28.9136
ENSMUST00000001046.6	5.0000	52.2444
ENSMUST00000049872.7	168.0000	1755.4125
ENSMUST00000048657.9	96.8242	1011.7046
ENSMUST00000172974.7	0.0000	0.0000
ENSMUST00000004173.11	152.4618	1593.0558
ENSMUST00000150890.2	45.0000	470.1998
ENSMUST00000001042.9	13.6962	143.1096
ENSMUST00000196769.4	2.3038	24.0725
ENSMUST00000006027.5	27.0000	282.1199
ENSMUST00000019248.12	0.0000	0.0000
ENSMUST00000189718.6	0.0000	0.0000
ENSMUST00000200284.4	2.5714	26.8686
ENSMUST00000061483.8	37.0000	386.6087
ENSMUST00000131728.3	61.6641	644.3214
ENSMUST00000015146.15	71.0000	741.8708
ENSMUST00000106783.7	11.0379	115.3336
ENSMUST00000151193.1	3.9621	41.3997
ENSMUST00000152617.7	35.0000	365.7109
ENSMUST00000037401.9	35.0000	365.7109
ENSMUST00000031287.10	81.2444	848.9137
ENSMUST00000071455.5	0.7556	7.8948
ENSMUST00000114071.7	76.9931	804.4919
ENSMUST00000159086.8	126.9217	1326.1899
ENSMUST00000057501.8	0.0783	0.8184
ENSMUST00000161051.7	0.0000	0.0004
ENSMUST00000034276.12	19.0000	198.5288
ENSMUST00000181586.7	19.0000	198.5288
ENSMUST00000020488.8	3.0000	31.3467
ENSMUST00000077353.14	108.4500	1133.1815
ENSMUST00000097558.4	0.0000	0.0000
ENSMUST00000111596.7	27.0000	282.1199
ENSMUST00000068237.11	27.0000	282.1199
ENSMUST00000134048.1	0.0000	0.0000
ENSMUST00000161989.1	82.0000	856.8085
ENSMUST00000107682.1	21.0000	219.4266
ENSMUST00000145610.7	84.5000	882.9307
ENSMUST00000001792.11	84.5000	882.9307
ENSMUST00000027650.12	95.8431	1001.4538
ENSMUST00000037918.11	19.4608	203.3433
ENSMUST00000161369.2	2.5392	26.5321
ENSMUST00000079080.12	31.5462	329.6224
ENSMUST00000108714.1	31.5462	329.6224
ENSMUST00000125840.7	31.5462	329.6224
ENSMUST00000152755.7	31.5462	329.6224
ENSMUST00000101085.8	6.8153	71.2121
ENSMUST00000001900.8	51.3008	536.0360
ENSMUST00000125784.7	0.0000	0.0000
ENSMUST00000108430.9	29.3749	306.9354
ENSMUST00000146511.7	72.6246	758.8459
ENSMUST00000164304.7	6.2500	65.3055
ENSMUST00000071857.11	6.2500	65.3055
ENSMUST00000169854.1	6.2500	65.3055
ENSMUST00000080824.11	6.2500	65.3055
ENSMUST00000020640.7	27.0000	282.1199
ENSMUST00000139959.7	27.0000	282.1199
ENSMUST00000030158.10	55.0000	574.6886
ENSMUST00000037748.8	55.4595	579.4895
ENSMUST00000216820.1	55.4595	579.4895
ENSMUST00000183271.1	0.0904	0.9446
ENSMUST00000166329.7	0.0000	0.0000
ENSMUST00000169938.7	0.0000	0.0000
ENSMUST00000166471.7	0.0000	0.0000
ENSMUST00000026269.3	36.0000	376.1598
ENSMUST00000216352.1	0.0000	0.0000
ENSMUST00000031391.8	79.0000	825.4618
ENSMUST00000159813.7	26.6992	278.9769
ENSMUST00000059515.7	0.0000	0.0000
ENSMUST00000108429.7	0.0000	0.0004
ENSMUST00000220674.1	19.7283	206.1382
ENSMUST00000222763.1	19.7283	206.1382
ENSMUST00000082405.1	37.0000	386.6087
ENSMUST00000188231.1	37.0000	386.6087
ENSMUST00000049642.4	98.4623	1028.8208
ENSMUST00000207303.1	1.0000	10.4489
ENSMUST00000068584.6	65.0000	679.1775
ENSMUST00000054220.9	146.8108	1534.0093
ENSMUST00000213053.1	0.0001	0.0007
ENSMUST00000212019.1	16.8995	176.5809
ENSMUST00000023343.3	19.9999	208.9771
ENSMUST00000112121.5	9.0000	94.0400
ENSMUST00000100539.9	45.9783	480.4215
ENSMUST00000112143.3	156.9998	1640.4723
ENSMUST00000106072.8	85.9978	898.5812
ENSMUST00000020397.10	30.0000	313.4665
ENSMUST00000110136.7	0.0398	0.4163
ENSMUST00000002699.5	39.0000	407.5065
ENSMUST00000192365.1	2.0909	21.8477
ENSMUST00000147799.7	21.0000	219.4266
ENSMUST00000152620.1	24.7037	258.1261
ENSMUST00000040772.8	70.0000	731.4219
ENSMUST00000213938.1	9.0000	94.0400
ENSMUST00000079419.11	3.2331	33.7826
ENSMUST00000100799.8	3.2331	33.7826
ENSMUST00000080281.13	22.5337	235.4524
ENSMUST00000082396.1	31.0000	323.9154
ENSMUST00000037290.11	11.0545	115.5075
ENSMUST00000171564.7	11.0545	115.5075
ENSMUST00000145275.7	6.8909	72.0027
ENSMUST00000200237.4	9.9217	103.6708
ENSMUST00000199896.1	9.9217	103.6708
ENSMUST00000197984.4	9.9217	103.6708
ENSMUST00000001485.9	30.0000	313.4665
ENSMUST00000113910.7	24.0000	250.7732
ENSMUST00000177850.7	0.0000	0.0000
ENSMUST00000179172.7	0.0000	0.0000
ENSMUST00000062322.10	0.0007	0.0068
ENSMUST00000153111.1	0.0007	0.0068
ENSMUST00000111899.7	1.9987	20.8842
ENSMUST00000088811.5	76.0000	794.1152
ENSMUST00000106653.3	37.8715	395.7150
ENSMUST00000215510.1	37.8715	395.7150
ENSMUST00000210309.1	0.2570	2.6852
ENSMUST00000130593.7	0.0000	0.0003
ENSMUST00000151238.7	6.8469	71.5425
ENSMUST00000151514.1	5.1670	53.9893
ENSMUST00000172298.7	66.0000	689.6263
ENSMUST00000040166.13	40.1859	419.8978
ENSMUST00000107544.1	22.8141	238.3819
ENSMUST00000180531.1	0.0000	0.0005
ENSMUST00000102874.10	99.0000	1034.4395
ENSMUST00000163892.7	89.0000	929.9507
ENSMUST00000133697.1	15.0000	156.7332
ENSMUST00000028342.6	15.0000	156.7332
ENSMUST00000023749.14	121.9863	1274.6211
ENSMUST00000141384.1	5.4346	56.7860
ENSMUST00000073942.11	0.0001	0.0012
ENSMUST00000107491.10	3.1983	33.4192
ENSMUST00000108971.2	7.0000	73.1422
ENSMUST00000100203.9	7.0000	73.1422
ENSMUST00000026827.14	0.0000	0.0000
ENSMUST00000034264.10	53.0000	553.7909
ENSMUST00000029610.8	73.0000	762.7685
ENSMUST00000199317.1	14.0000	146.2844
ENSMUST00000145735.5	14.0000	146.2844
ENSMUST00000160853.7	0.0023	0.0244
ENSMUST00000023212.14	4.4398	46.3909
ENSMUST00000160172.7	0.0000	0.0000
ENSMUST00000045469.14	3.6667	38.3126
ENSMUST00000163075.7	3.6667	38.3126
ENSMUST00000161854.7	3.6667	38.3126
ENSMUST00000122001.2	11.1693	116.7072
ENSMUST00000141260.7	0.0812	0.8483
ENSMUST00000015501.10	67.2574	702.7643
ENSMUST00000113824.7	40.7426	425.7152
ENSMUST00000219554.1	0.0057	0.0599
ENSMUST00000164181.1	30.5130	318.8266
ENSMUST00000218127.1	3.3179	34.6686
ENSMUST00000219236.1	10.1634	106.1958
ENSMUST00000130139.2	0.0001	0.0014
ENSMUST00000036380.13	56.9999	595.5855
ENSMUST00000036453.13	21.4643	224.2781
ENSMUST00000108341.1	21.4643	224.2781
ENSMUST00000028608.12	38.6975	404.3457
ENSMUST00000143017.7	0.1148	1.1993
ENSMUST00000133016.7	31.8618	332.9207
ENSMUST00000137050.7	6.3259	66.0983
ENSMUST00000150204.7	0.0001	0.0009
ENSMUST00000120360.1	0.0000	0.0000
ENSMUST00000129935.7	13.0895	136.7709
ENSMUST00000002837.10	36.0000	376.1598
ENSMUST00000034966.8	101.0000	1055.3373
ENSMUST00000191941.1	57.0000	595.5864
ENSMUST00000084241.11	98.0000	1023.9906
ENSMUST00000001204.6	0.0000	0.0000
ENSMUST00000022816.14	26.0000	271.6710
ENSMUST00000163972.1	0.0000	0.0000
ENSMUST00000153838.7	47.0000	491.0976
ENSMUST00000120346.7	0.0000	0.0001
ENSMUST00000094028.9	54.0000	564.2397
ENSMUST00000032898.7	7.0000	73.1422
ENSMUST00000025631.6	39.0000	407.5065
ENSMUST00000063905.11	0.0000	0.0000
ENSMUST00000022256.4	95.0000	992.6440
ENSMUST00000021668.9	45.0000	470.1998
ENSMUST00000034534.12	18.0000	188.0799
ENSMUST00000044106.5	57.0000	595.5864
ENSMUST00000088716.11	165.2349	1726.5200
ENSMUST00000045756.13	52.0000	543.3420
ENSMUST00000053150.7	4.4709	46.7159
ENSMUST00000170122.3	4.4709	46.7159
ENSMUST00000197361.4	0.0571	0.5963
ENSMUST00000195998.4	0.0011	0.0119
ENSMUST00000102936.8	157.0000	1640.4748
ENSMUST00000035301.6	71.0000	741.8708
ENSMUST00000003946.8	91.0000	950.8484
ENSMUST00000064667.8	23.0000	240.3243
ENSMUST00000133547.1	140.9559	1472.8317
ENSMUST00000027592.5	11.0000	114.9377
ENSMUST00000120593.4	0.0000	0.0000
ENSMUST00000203029.2	3.0000	31.3467
ENSMUST00000200553.1	52.9367	553.1295
ENSMUST00000037023.8	7.0000	73.1422
ENSMUST00000102845.10	14.0000	146.2841
ENSMUST00000127401.7	131.9978	1379.2301
ENSMUST00000031540.10	0.0002	0.0025
ENSMUST00000181983.7	0.0000	0.0000
ENSMUST00000109400.2	0.0149	0.1553
ENSMUST00000178202.7	23.9999	250.7718
ENSMUST00000177669.1	92.5199	966.7299
ENSMUST00000156770.7	0.0000	0.0000
ENSMUST00000119575.7	0.0000	0.0000
ENSMUST00000067506.13	0.0000	0.0000
ENSMUST00000027871.12	112.3766	1174.2106
ENSMUST00000000001.4	284.0000	2967.4831
ENSMUST00000002289.6	27.0000	282.1199
ENSMUST00000204239.2	0.0000	0.0000
ENSMUST00000048223.13	12.8008	133.7545
ENSMUST00000073350.12	33.0000	344.8132
ENSMUST00000034270.16	50.0488	522.9538
ENSMUST00000035493.13	0.0000	0.0000
ENSMUST00000180020.7	0.0000	0.0000
ENSMUST00000167182.7	0.0000	0.0000
ENSMUST00000180341.1	0.0000	0.0000
ENSMUST00000032214.13	18.1804	189.9645
ENSMUST00000029570.8	28.0000	292.5688
ENSMUST00000030651.8	32.0000	334.3643
ENSMUST00000191897.1	0.0000	0.0000
ENSMUST00000099501.9	21.2046	221.5639
ENSMUST00000020755.11	139.0000	1452.3949
ENSMUST00000135088.7	18.1434	189.5780
ENSMUST00000155480.7	18.1434	189.5780
ENSMUST00000103002.7	13.7133	143.2882
ENSMUST00000076046.6	107.0000	1118.0306
ENSMUST00000102935.9	1.7150	17.9200
ENSMUST00000028349.13	63.2850	661.2574
ENSMUST00000125726.7	0.0000	0.0000
ENSMUST00000084614.4	0.0000	0.0000
ENSMUST00000045693.7	38.0000	397.0576
ENSMUST00000091694.9	0.0000	0.0000
ENSMUST00000038477.6	103.0000	1076.2351
ENSMUST00000073471.12	21.0000	219.4266
ENSMUST00000015719.14	24.0000	250.7732
ENSMUST00000087699.10	26.0000	271.6710
ENSMUST00000078976.7	55.0000	574.6886
ENSMUST00000210792.1	0.0000	0.0000
ENSMUST00000209812.1	1.0258	10.7182
ENSMUST00000210073.1	0.0194	0.2024
ENSMUST00000209927.1	0.0001	0.0006
ENSMUST00000210967.1	11.4485	119.6243
ENSMUST00000209212.1	0.0000	0.0000
ENSMUST00000209711.1	0.0000	0.0000
ENSMUST00000210191.1	0.0000	0.0000
ENSMUST00000110731.3	32.0000	334.3643
ENSMUST00000159414.1	30.9325	323.2099
ENSMUST00000023353.3	31.0000	323.9154
ENSMUST00000112586.7	18.4783	193.0772
ENSMUST00000167264.7	4.3328	45.2733
ENSMUST00000171010.7	4.3328	45.2733
ENSMUST00000170705.7	87.3343	912.5463
ENSMUST00000048214.8	26.0000	271.6710
ENSMUST00000021314.7	2.0000	20.8978
ENSMUST00000148633.3	94.9485	992.1058
ENSMUST00000088786.10	0.0515	0.5382
ENSMUST00000120143.7	26.2703	274.4958
ENSMUST00000091354.11	7.7114	80.5758
ENSMUST00000173311.7	0.0000	0.0000
ENSMUST00000173159.1	25.0667	261.9187
ENSMUST00000140482.1	67.8615	709.0766
ENSMUST00000225653.1	0.6667	6.9659
ENSMUST00000112689.8	0.6667	6.9659
ENSMUST00000036682.8	0.6667	6.9659
ENSMUST00000113820.8	59.0706	617.2215
ENSMUST00000071108.13	0.0022	0.0229
ENSMUST00000071523.4	0.0000	0.0000
ENSMUST00000160479.7	0.7207	7.5309
ENSMUST00000031401.5	0.7207	7.5309
ENSMUST00000102696.4	30.9999	323.9147
ENSMUST00000102782.3	1.1458	11.9727
ENSMUST00000031024.13	7.0000	73.1422
ENSMUST00000131156.7	18.0000	188.0799
ENSMUST00000113819.1	0.0000	0.0000
ENSMUST00000189688.1	46.3333	484.1316
ENSMUST00000109799.7	46.3333	484.1316
ENSMUST00000003370.13	46.3333	484.1316
ENSMUST00000020552.6	29.0000	303.0176
ENSMUST00000140641.1	6.4583	67.4825
ENSMUST00000173642.1	1.0678	11.1573
ENSMUST00000084434.10	12.0000	125.3866
ENSMUST00000102967.2	5.0000	52.2444
ENSMUST00000212129.1	0.0000	0.0001
ENSMUST00000212796.1	9.2896	97.0660
ENSMUST00000203797.1	0.0000	0.0000
ENSMUST00000063307.5	12.7592	133.3190
ENSMUST00000172732.7	1.0149	10.6045
ENSMUST00000212601.1	7.0000	73.1422
ENSMUST00000081381.5	7.0000	73.1422
ENSMUST00000212685.1	7.0000	73.1422
ENSMUST00000098362.10	7.0000	73.1422
ENSMUST00000155671.7	28.0365	292.9501
ENSMUST00000118830.7	11.9635	125.0053
ENSMUST00000025476.2	15.0000	156.7333
ENSMUST00000052437.4	78.0000	815.0130
ENSMUST00000031382.13	1.4740	15.4013
ENSMUST00000164532.1	0.0000	0.0000
ENSMUST00000024763.9	6.0000	62.6933
ENSMUST00000103133.3	101.0000	1055.3373
ENSMUST00000117713.7	0.0099	0.1029
ENSMUST00000118703.7	0.5283	5.5205
ENSMUST00000100377.10	13.0000	135.8355
ENSMUST00000055071.8	2.0000	20.8978
ENSMUST00000108496.8	0.0022	0.0226
ENSMUST00000186316.1	0.0000	0.0000
ENSMUST00000167673.1	6.6667	69.6592
ENSMUST00000180182.1	6.6667	69.6592
ENSMUST00000067249.2	6.6667	69.6592
ENSMUST00000167386.7	0.7933	8.2896
ENSMUST00000050467.7	15.0000	156.7333
ENSMUST00000005487.11	86.0000	898.6040
ENSMUST00000222106.1	22.6573	236.7437
ENSMUST00000221481.1	0.0057	0.0596
ENSMUST00000220576.1	0.0057	0.0596
ENSMUST00000020908.8	62.2649	650.5984
ENSMUST00000017975.5	162.0000	1692.7192
ENSMUST00000032969.13	52.5788	549.3901
ENSMUST00000208670.1	1.4212	14.8497
ENSMUST00000025762.14	21.9959	229.8322
ENSMUST00000069579.5	19.0000	198.5288
ENSMUST00000153892.1	7.4108	77.4346
ENSMUST00000021084.9	1.5855	16.5669
ENSMUST00000170908.7	72.4138	756.6432
ENSMUST00000200004.1	34.4444	359.9058
ENSMUST00000105367.7	13.0000	135.8355
ENSMUST00000003156.14	13.0000	135.8355
ENSMUST00000042121.9	40.0000	417.9554
ENSMUST00000161976.7	30.5000	318.6910
ENSMUST00000022971.7	30.5000	318.6910
ENSMUST00000159327.1	0.0000	0.0000
ENSMUST00000060987.14	0.0003	0.0031
ENSMUST00000030192.4	1.9861	20.7522
ENSMUST00000103120.4	0.5000	5.2244
ENSMUST00000150414.7	0.5000	5.2244
ENSMUST00000031895.12	116.0000	1212.0706
ENSMUST00000101301.9	2.0000	20.8978
ENSMUST00000006911.11	0.0000	0.0000
ENSMUST00000046859.11	1.1176	11.6782
ENSMUST00000085108.7	0.0000	0.0000
ENSMUST00000127939.1	0.0000	0.0000
ENSMUST00000033683.7	39.0000	407.5065
ENSMUST00000146927.1	2.0625	21.5508
ENSMUST00000025918.7	22.0000	229.8754
ENSMUST00000171444.7	36.0000	376.1598
ENSMUST00000004780.15	36.0000	376.1598
ENSMUST00000079703.9	83.0000	867.2574
ENSMUST00000074936.9	28.0000	292.5688
ENSMUST00000112571.3	18.9598	198.1089
ENSMUST00000164832.7	0.0402	0.4199
ENSMUST00000004206.9	102.0000	1065.7862
ENSMUST00000051955.8	38.9974	407.4790
ENSMUST00000099475.11	8.6782	90.6772
ENSMUST00000132773.1	18.0000	188.0799
ENSMUST00000085835.7	36.3317	379.6260
ENSMUST00000207185.1	13.6683	142.8182
ENSMUST00000152704.7	23.0581	240.9310
ENSMUST00000022163.14	4.9419	51.6377
ENSMUST00000108613.9	26.2685	274.4762
ENSMUST00000070996.10	16.7207	174.7124
ENSMUST00000043419.9	12.9229	135.0303
ENSMUST00000115487.2	8.0000	83.5911
ENSMUST00000139570.1	0.3333	3.4830
ENSMUST00000212546.1	0.3333	3.4830
ENSMUST00000120626.1	0.3333	3.4830
ENSMUST00000113110.4	14.9999	156.7319
ENSMUST00000085256.7	0.0001	0.0014
ENSMUST00000032998.12	57.0000	595.5864
ENSMUST00000063824.13	32.1692	336.1326
ENSMUST00000142203.7	35.5003	370.9390
ENSMUST00000135618.7	2.3304	24.3503
ENSMUST00000000696.6	2.0000	20.8978
ENSMUST00000212709.1	0.0000	0.0000
ENSMUST00000152407.7	0.0000	0.0000
ENSMUST00000027830.4	1.0000	10.4489
ENSMUST00000022577.5	110.0000	1149.3772
ENSMUST00000143107.1	28.8000	300.9279
ENSMUST00000021522.4	27.0000	282.1199
ENSMUST00000112001.8	3.4720	36.2784
ENSMUST00000108625.7	0.0001	0.0010
ENSMUST00000140400.1	8.1569	85.2301
ENSMUST00000028691.6	13.0995	136.8756
ENSMUST00000080008.12	9.9005	103.4487
ENSMUST00000050884.13	1.0000	10.4489
ENSMUST00000141470.1	0.0000	0.0002
ENSMUST00000043937.8	24.0000	250.7732
ENSMUST00000109468.2	38.0000	397.0576
ENSMUST00000132102.1	10.3754	108.4115
ENSMUST00000192047.5	2.1611	22.5810
ENSMUST00000201888.1	0.0000	0.0001
ENSMUST00000100847.4	0.0000	0.0001
ENSMUST00000040154.8	7.0000	73.1421
ENSMUST00000177501.1	3.2846	34.3199
ENSMUST00000150576.7	3.5000	36.5711
ENSMUST00000059802.6	3.5000	36.5711
ENSMUST00000106003.1	0.0000	0.0000
ENSMUST00000062370.8	0.0000	0.0001
ENSMUST00000066264.12	53.0000	553.7909
ENSMUST00000097473.9	1.0000	10.4489
ENSMUST00000206963.1	2.2061	23.0515
ENSMUST00000108428.7	0.0000	0.0000
ENSMUST00000153451.8	0.0000	0.0000
ENSMUST00000156372.7	0.0000	0.0000
ENSMUST00000124035.1	0.0000	0.0000
ENSMUST00000143441.1	0.0000	0.0000
ENSMUST00000114882.7	6.9992	73.1338
ENSMUST00000155071.7	0.0008	0.0084
ENSMUST00000017548.6	33.9909	355.1674
ENSMUST00000026092.8	4.2963	44.8915
ENSMUST00000144779.1	0.0000	0.0000
ENSMUST00000076265.12	10.5000	109.7133
ENSMUST00000133481.1	10.5000	109.7133
ENSMUST00000147336.7	6.0000	62.6933
ENSMUST00000039554.6	6.0000	62.6933
ENSMUST00000181948.1	3.9512	41.2860
ENSMUST00000105420.2	3.0000	31.3467
ENSMUST00000119467.1	28.0000	292.5688
ENSMUST00000104925.3	10.9195	114.0970
ENSMUST00000103749.2	16.0000	167.1821
ENSMUST00000045517.8	0.0000	0.0000
ENSMUST00000000137.7	54.0000	564.2397
ENSMUST00000119031.7	95.1831	994.5569
ENSMUST00000028702.9	30.1319	314.8451
ENSMUST00000172912.7	1.4913	15.5827
ENSMUST00000025181.16	0.0173	0.1812
ENSMUST00000114311.10	1.4913	15.5827
ENSMUST00000041160.12	29.0000	303.0176
ENSMUST00000020209.15	10.5000	109.7133
ENSMUST00000179990.7	10.5000	109.7133
ENSMUST00000020321.12	0.0022	0.0232
ENSMUST00000102881.9	36.9978	386.5855
ENSMUST00000077577.7	1.0000	10.4489
ENSMUST00000224741.1	0.0000	0.0000
ENSMUST00000066469.13	30.0000	313.4665
ENSMUST00000146108.7	2.3313	24.3592
ENSMUST00000043898.7	15.0000	156.7333
ENSMUST00000220593.1	0.0000	0.0000
ENSMUST00000127128.7	0.0000	0.0000
ENSMUST00000002275.14	14.0000	146.2844
ENSMUST00000028623.12	9.0000	94.0400
ENSMUST00000017604.9	28.0000	292.5688
ENSMUST00000152210.1	0.1300	1.3587
ENSMUST00000129178.7	0.0000	0.0000
ENSMUST00000032888.9	82.0000	856.8085
ENSMUST00000079125.6	5.0000	52.2444
ENSMUST00000089776.2	1.0000	10.4489
ENSMUST00000135924.1	0.0000	0.0000
ENSMUST00000110975.7	0.0000	0.0000
ENSMUST00000137694.7	0.0000	0.0000
ENSMUST00000156067.7	0.0000	0.0000
ENSMUST00000056108.11	0.0000	0.0000
ENSMUST00000194100.5	0.0000	0.0000
ENSMUST00000148498.7	0.0000	0.0000
ENSMUST00000028110.10	3.1188	32.5878
ENSMUST00000114072.7	0.0062	0.0644
ENSMUST00000143545.1	0.0000	0.0000
ENSMUST00000223939.1	0.0000	0.0000
ENSMUST00000223999.1	9.7640	102.0224
ENSMUST00000225117.1	0.0000	0.0000
ENSMUST00000178310.7	20.4495	213.6740
ENSMUST00000043074.11	0.1334	1.3940
ENSMUST00000179142.1	0.0001	0.0008
ENSMUST00000052867.7	24.4170	255.1309
ENSMUST00000001569.14	65.0000	679.1775
ENSMUST00000106057.7	15.6765	163.8016
ENSMUST00000129850.7	0.0000	0.0000
ENSMUST00000057373.13	16.0000	167.1821
ENSMUST00000004396.12	11.0000	114.9377
ENSMUST00000030665.6	20.0000	208.9777
ENSMUST00000120733.7	15.1267	158.0573
ENSMUST00000092425.10	0.0091	0.0946
ENSMUST00000134749.7	0.0000	0.0000
ENSMUST00000172457.7	9.0137	94.1832
ENSMUST00000105373.7	0.0002	0.0018
ENSMUST00000043311.6	0.0000	0.0000
ENSMUST00000030432.7	1.0000	10.4489
ENSMUST00000165113.7	0.0000	0.0000
ENSMUST00000105702.8	0.0000	0.0000
ENSMUST00000172073.7	0.0000	0.0000
ENSMUST00000046114.4	24.0000	250.7732
ENSMUST00000155953.7	0.0000	0.0000
ENSMUST00000022341.6	33.0000	344.8132
ENSMUST00000179684.2	0.0010	0.0103
ENSMUST00000115749.1	5.6667	59.2103
ENSMUST00000023477.13	5.6667	59.2103
ENSMUST00000096229.9	5.6667	59.2103
ENSMUST00000209287.1	0.0000	0.0001
ENSMUST00000030201.13	0.0000	0.0000
ENSMUST00000097649.9	27.8330	290.8241
ENSMUST00000088307.3	25.0000	261.2221
ENSMUST00000182618.7	0.0000	0.0000
ENSMUST00000183154.7	0.0000	0.0000
ENSMUST00000201260.3	0.0000	0.0000
ENSMUST00000174664.1	0.0000	0.0000
ENSMUST00000126507.1	0.0000	0.0000
ENSMUST00000200337.1	0.0000	0.0000
ENSMUST00000030348.5	32.0000	334.3643
ENSMUST00000099431.5	0.0000	0.0000
ENSMUST00000096020.6	0.0000	0.0000
ENSMUST00000127270.1	0.0000	0.0000
ENSMUST00000078729.8	0.0000	0.0000
ENSMUST00000033961.6	10.0000	104.4888
ENSMUST00000034159.7	15.0000	156.7333
ENSMUST00000086535.11	33.9645	354.8909
ENSMUST00000140725.7	0.0000	0.0000
ENSMUST00000215973.1	16.6838	174.3270
ENSMUST00000215879.1	1.4408	15.0546
ENSMUST00000198180.4	2.0670	21.5975
ENSMUST00000030622.2	24.0000	250.7732
ENSMUST00000110437.3	2.5862	27.0231
ENSMUST00000078804.11	13.3622	139.6200
ENSMUST00000115076.7	0.0000	0.0000
ENSMUST00000115075.1	0.0000	0.0000
ENSMUST00000115078.7	0.0000	0.0000
ENSMUST00000115079.7	7.6378	79.8066
ENSMUST00000196687.1	28.3894	296.6374
ENSMUST00000049531.9	0.0000	0.0000
ENSMUST00000006462.13	14.2206	148.5896
ENSMUST00000159121.1	1.0000	10.4489
ENSMUST00000161807.7	11.0000	114.9376
ENSMUST00000104958.1	0.0000	0.0001
ENSMUST00000194746.5	0.0290	0.3030
ENSMUST00000177019.7	0.0000	0.0000
ENSMUST00000033975.7	26.0000	271.6710
ENSMUST00000194932.5	8.3226	86.9621
ENSMUST00000002551.3	19.0000	198.5288
ENSMUST00000108712.7	0.0000	0.0000
ENSMUST00000001063.14	0.0000	0.0000
ENSMUST00000179936.7	0.0001	0.0014
ENSMUST00000108711.7	0.0000	0.0000
ENSMUST00000108713.7	0.0000	0.0000
ENSMUST00000161543.1	1.0669	11.1477
ENSMUST00000150745.8	0.0000	0.0000
ENSMUST00000095224.10	2.1429	22.3905
ENSMUST00000133910.2	0.0001	0.0007
ENSMUST00000136059.7	0.0000	0.0000
ENSMUST00000153209.7	0.0000	0.0000
ENSMUST00000135903.7	0.0000	0.0000
ENSMUST00000067786.8	9.0000	94.0400
ENSMUST00000206598.1	0.0000	0.0000
ENSMUST00000223751.1	2.1758	22.7349
ENSMUST00000151986.1	0.0000	0.0000
ENSMUST00000197471.1	1.6106	16.8291
ENSMUST00000163694.3	1.9990	20.8876
ENSMUST00000193892.5	10.6854	111.6507
ENSMUST00000071044.12	0.0007	0.0077
ENSMUST00000108416.9	1.1928	12.4637
ENSMUST00000025163.13	13.0000	135.8355
ENSMUST00000122809.1	1.0047	10.4985
ENSMUST00000105861.7	9.5000	99.2644
ENSMUST00000084846.11	9.5000	99.2644
ENSMUST00000211725.1	2.0652	21.5793
ENSMUST00000191849.5	5.0000	52.2444
ENSMUST00000193083.5	5.0000	52.2444
ENSMUST00000003513.10	30.0000	313.4665
ENSMUST00000154473.7	3.4998	36.5685
ENSMUST00000138728.1	3.4998	36.5685
ENSMUST00000223680.1	43.9091	458.8010
ENSMUST00000224463.1	0.0026	0.0274
ENSMUST00000136174.7	0.0000	0.0000
ENSMUST00000212600.1	0.0000	0.0000
ENSMUST00000207278.1	0.0000	0.0000
ENSMUST00000148833.7	0.0000	0.0000
ENSMUST00000127712.7	0.0000	0.0000
ENSMUST00000210375.1	0.0000	0.0000
ENSMUST00000211500.1	0.0000	0.0000
ENSMUST00000073456.8	58.0000	606.0353
ENSMUST00000087897.10	22.9965	240.2882
ENSMUST00000119705.7	0.0026	0.0270
ENSMUST00000120902.7	0.0009	0.0092
ENSMUST00000071026.9	0.0000	0.0000
ENSMUST00000108610.7	0.0000	0.0000
ENSMUST00000164359.7	0.0000	0.0000
ENSMUST00000120418.1	0.3910	4.0855
ENSMUST00000211425.1	0.6418	6.7065
ENSMUST00000178235.7	1.7794	18.5925
ENSMUST00000007257.9	17.0000	177.6310
ENSMUST00000188151.1	0.8400	8.7769
ENSMUST00000139685.7	0.8400	8.7769
ENSMUST00000019439.8	1.0000	10.4489
ENSMUST00000140931.1	1.0000	10.4489
ENSMUST00000008812.7	18.5288	193.6054
ENSMUST00000028175.6	7.0000	73.1422
ENSMUST00000043675.8	21.0000	219.4266
ENSMUST00000145126.7	0.5000	5.2244
ENSMUST00000107009.7	0.5000	5.2244
ENSMUST00000119570.7	0.0000	0.0000
ENSMUST00000072359.6	0.0000	0.0000
ENSMUST00000137766.1	0.0000	0.0001
ENSMUST00000020608.2	25.0000	261.2221
ENSMUST00000058437.13	22.0000	229.8754
ENSMUST00000031726.14	10.0000	104.4888
ENSMUST00000030401.13	17.2799	180.5552
ENSMUST00000106206.7	0.7201	7.5247
ENSMUST00000147954.1	3.0098	31.4494
ENSMUST00000030187.13	26.0000	271.6710
ENSMUST00000131103.8	1.0113	10.5666
ENSMUST00000115231.3	2.0000	20.8978
ENSMUST00000167504.2	26.0000	271.6710
ENSMUST00000024905.9	5.0000	52.2444
ENSMUST00000034428.7	41.0000	428.4042
ENSMUST00000066155.5	0.0000	0.0000
ENSMUST00000106752.9	0.0000	0.0000
ENSMUST00000170335.3	13.0386	136.2393
ENSMUST00000031264.11	10.0000	104.4888
ENSMUST00000208950.1	1.5000	15.6733
ENSMUST00000156380.3	1.5000	15.6733
ENSMUST00000164399.7	0.0000	0.0001
ENSMUST00000110665.7	0.0000	0.0000
ENSMUST00000042228.14	1.5087	15.7645
ENSMUST00000081216.11	1.5087	15.7645
ENSMUST00000020034.5	0.0000	0.0000
ENSMUST00000030340.14	26.0000	271.6710
ENSMUST00000134542.1	0.0000	0.0000
ENSMUST00000148643.7	0.0000	0.0000
ENSMUST00000096261.3	41.0000	428.4042
ENSMUST00000027302.13	26.0000	271.6710
ENSMUST00000210343.1	0.0000	0.0000
ENSMUST00000076842.6	0.0000	0.0001
ENSMUST00000217940.1	0.0000	0.0000
ENSMUST00000218229.1	0.0000	0.0000
ENSMUST00000152918.7	1.0909	11.3988
ENSMUST00000076155.4	0.0000	0.0000
ENSMUST00000115522.8	3.3332	34.8287
ENSMUST00000119224.7	1.6668	17.4157
ENSMUST00000109315.4	0.0002	0.0023
ENSMUST00000140755.7	18.8759	197.2317
ENSMUST00000169186.2	1.0398	10.8645
ENSMUST00000166495.7	22.0000	229.8754
ENSMUST00000064062.12	2.0000	20.8978
ENSMUST00000221541.1	1.7351	18.1302
ENSMUST00000167159.8	0.0000	0.0001
ENSMUST00000110054.7	0.0032	0.0338
ENSMUST00000110053.8	0.0032	0.0338
ENSMUST00000019169.7	10.6645	111.4322
ENSMUST00000143657.7	10.6645	111.4322
ENSMUST00000154550.7	10.6645	111.4322
ENSMUST00000091879.11	18.0000	188.0799
ENSMUST00000214180.1	1.2127	12.6711
ENSMUST00000203816.1	0.0000	0.0000
ENSMUST00000079085.10	13.9041	145.2821
ENSMUST00000120826.1	0.0000	0.0000
ENSMUST00000126821.1	0.0000	0.0000
ENSMUST00000145446.1	0.0000	0.0000
ENSMUST00000166518.7	21.9095	228.9298
ENSMUST00000002090.2	13.0905	136.7811
ENSMUST00000192725.5	0.0003	0.0034
ENSMUST00000194847.1	0.0000	0.0000
ENSMUST00000156794.1	0.7880	8.2338
ENSMUST00000128523.7	0.0000	0.0000
ENSMUST00000173441.7	0.0000	0.0000
ENSMUST00000213350.1	39.0000	407.5065
ENSMUST00000068167.12	0.1670	1.7447
ENSMUST00000159569.8	1.0000	10.4489
ENSMUST00000179238.7	0.2500	2.6122
ENSMUST00000177779.7	0.2500	2.6122
ENSMUST00000004316.14	0.2500	2.6122
ENSMUST00000105465.7	0.2500	2.6122
ENSMUST00000018556.10	1.5000	15.6733
ENSMUST00000106977.7	1.5000	15.6733
ENSMUST00000106972.7	1.5000	15.6733
ENSMUST00000106971.1	1.5000	15.6733
ENSMUST00000108623.7	1.0000	10.4489
ENSMUST00000105612.1	0.0000	0.0000
ENSMUST00000085065.11	19.0858	199.4249
ENSMUST00000070731.10	1.0000	10.4489
ENSMUST00000183663.7	1.0000	10.4489
ENSMUST00000070681.6	4.0000	41.7955
ENSMUST00000213383.1	0.0000	0.0000
ENSMUST00000002274.9	12.0000	125.3866
ENSMUST00000199420.4	0.8032	8.3925
ENSMUST00000120934.7	0.0953	0.9957
ENSMUST00000155605.1	1.0035	10.4852
ENSMUST00000022416.14	1.0441	10.9099
ENSMUST00000057897.7	1.0000	10.4489
ENSMUST00000030189.13	11.9999	125.3855
ENSMUST00000152251.7	0.0001	0.0011
ENSMUST00000196878.1	0.0000	0.0000
ENSMUST00000034846.6	9.0000	94.0400
ENSMUST00000120234.1	1.4790	15.4539
ENSMUST00000081310.10	5.7861	60.4585
ENSMUST00000034085.7	6.0000	62.6933
ENSMUST00000075242.6	23.0000	240.3243
ENSMUST00000023054.13	0.0000	0.0000
ENSMUST00000023036.5	7.0000	73.1422
ENSMUST00000006625.7	1.0000	10.4489
ENSMUST00000140048.1	0.0000	0.0000
ENSMUST00000153819.1	0.0000	0.0000
ENSMUST00000189068.6	0.2500	2.6122
ENSMUST00000186526.6	0.2500	2.6122
ENSMUST00000187994.6	0.2500	2.6122
ENSMUST00000023248.12	0.2500	2.6122
ENSMUST00000059354.14	14.0000	146.2844
ENSMUST00000071561.6	0.0000	0.0000
ENSMUST00000027800.14	0.0001	0.0008
ENSMUST00000101506.9	7.0000	73.1422
ENSMUST00000020440.6	6.0000	62.6933
ENSMUST00000112598.8	0.0000	0.0000
ENSMUST00000179748.7	10.0000	104.4888
ENSMUST00000026927.9	10.0000	104.4888
ENSMUST00000135341.7	0.0000	0.0000
ENSMUST00000138349.7	0.0000	0.0000
ENSMUST00000168019.1	0.0000	0.0000
ENSMUST00000050143.4	0.0000	0.0000
ENSMUST00000089250.8	10.5000	109.7132
ENSMUST00000022622.13	10.5000	109.7132
ENSMUST00000222234.1	0.0000	0.0000
ENSMUST00000222441.1	0.0000	0.0000
ENSMUST00000222757.1	0.0000	0.0000
ENSMUST00000222529.1	0.0000	0.0000
ENSMUST00000109748.8	0.0000	0.0000
ENSMUST00000189316.6	4.9819	52.0557
ENSMUST00000027886.13	0.0090	0.0944
ENSMUST00000063199.12	0.0090	0.0944
ENSMUST00000165711.2	0.0000	0.0000
ENSMUST00000090031.11	11.0000	114.9377
ENSMUST00000142407.7	14.0000	146.2844
ENSMUST00000201292.3	14.0000	146.2844
ENSMUST00000045602.8	8.2566	86.2723
ENSMUST00000129451.1	1.7434	18.2165
ENSMUST00000194701.5	0.0000	0.0000
ENSMUST00000023076.5	0.0000	0.0000
ENSMUST00000081670.12	0.0000	0.0000
ENSMUST00000025408.8	8.0000	83.5911
ENSMUST00000125276.1	0.0000	0.0000
ENSMUST00000139623.1	0.0000	0.0000
ENSMUST00000107442.2	0.0850	0.8883
ENSMUST00000156166.7	3.5872	37.4821
ENSMUST00000021062.11	0.0000	0.0000
ENSMUST00000173569.1	0.0000	0.0000
ENSMUST00000197477.4	0.0000	0.0000
ENSMUST00000216658.1	0.0000	0.0000
ENSMUST00000021993.4	14.0000	146.2844
ENSMUST00000191431.7	0.0000	0.0000
ENSMUST00000163210.1	0.0000	0.0000
ENSMUST00000187690.6	3.7500	39.1833
ENSMUST00000190496.1	3.7500	39.1833
ENSMUST00000113814.10	3.7500	39.1833
ENSMUST00000122899.7	3.7500	39.1833
ENSMUST00000159816.7	0.0675	0.7055
ENSMUST00000174048.7	0.0000	0.0000
ENSMUST00000049628.15	10.0000	104.4885
ENSMUST00000190279.6	3.9984	41.7788
ENSMUST00000137139.1	0.5000	5.2244
ENSMUST00000032336.6	0.5000	5.2244
ENSMUST00000202050.3	0.0000	0.0000
ENSMUST00000114716.3	0.0000	0.0000
ENSMUST00000182533.7	6.4286	67.1714
ENSMUST00000182031.1	6.4286	67.1714
ENSMUST00000088257.13	1.0000	10.4489
ENSMUST00000116551.9	1.0000	10.4489
ENSMUST00000213200.1	0.0000	0.0000
ENSMUST00000155824.1	0.0000	0.0000
ENSMUST00000074556.6	12.0000	125.3866
ENSMUST00000126543.7	0.0000	0.0000
ENSMUST00000059080.6	3.0000	31.3467
ENSMUST00000148629.1	3.0000	31.3467
ENSMUST00000082428.4	1.0000	10.4489
ENSMUST00000032800.9	2.0000	20.8978
ENSMUST00000165242.3	2.2857	23.8832
ENSMUST00000205179.2	2.2857	23.8832
ENSMUST00000020372.5	7.0000	73.1422
ENSMUST00000130410.7	0.0000	0.0000
ENSMUST00000114299.7	0.3333	3.4830
ENSMUST00000144429.7	0.3333	3.4830
ENSMUST00000101454.8	0.3333	3.4830
ENSMUST00000126529.1	2.4571	25.6744
ENSMUST00000220047.1	2.9908	31.2508
ENSMUST00000223720.1	0.0000	0.0000
ENSMUST00000219567.1	0.0028	0.0292
ENSMUST00000218126.1	0.0000	0.0000
ENSMUST00000143074.1	0.0000	0.0000
ENSMUST00000225410.1	0.0000	0.0000
ENSMUST00000073791.9	5.4807	57.2671
ENSMUST00000106537.7	0.0386	0.4035
ENSMUST00000043931.8	5.4807	57.2671
ENSMUST00000090488.2	0.0000	0.0000
ENSMUST00000097536.5	0.0000	0.0000
ENSMUST00000120495.1	6.0000	62.6933
ENSMUST00000150022.1	0.0000	0.0000
ENSMUST00000080149.5	0.0000	0.0000
ENSMUST00000079294.11	1.9142	20.0017
ENSMUST00000025040.5	2.2500	23.5100
ENSMUST00000224430.1	0.0000	0.0000
ENSMUST00000121185.7	0.0018	0.0192
ENSMUST00000117589.7	0.0018	0.0192
ENSMUST00000138189.1	0.0000	0.0000
ENSMUST00000116468.1	15.0000	156.7333
ENSMUST00000080085.8	0.5000	5.2244
ENSMUST00000200577.4	0.5000	5.2244
ENSMUST00000214347.1	2.0000	20.8978
ENSMUST00000059286.13	9.0000	94.0399
ENSMUST00000029456.4	14.0000	146.2844
ENSMUST00000107342.1	0.0000	0.0000
ENSMUST00000137811.7	0.0000	0.0001
ENSMUST00000097682.2	2.6667	27.8637
ENSMUST00000024047.11	1.0000	10.4489
ENSMUST00000174609.8	0.3385	3.5368
ENSMUST00000174175.7	8.1325	84.9751
ENSMUST00000218866.1	0.0001	0.0011
ENSMUST00000161915.7	0.0000	0.0000
ENSMUST00000196111.4	1.0000	10.4489
ENSMUST00000021552.2	15.1622	158.4284
ENSMUST00000095347.11	0.0000	0.0000
ENSMUST00000064099.7	1.0000	10.4489
ENSMUST00000106058.7	25.3235	264.6026
ENSMUST00000198748.4	1.0089	10.5416
ENSMUST00000210564.1	2.0000	20.8978
ENSMUST00000102844.3	0.0000	0.0003
ENSMUST00000123995.7	0.0000	0.0000
ENSMUST00000170002.7	0.0000	0.0000
ENSMUST00000170010.1	0.0041	0.0433
ENSMUST00000123184.1	0.0000	0.0003
ENSMUST00000171416.1	1.0301	10.7636
ENSMUST00000206830.1	0.0000	0.0000
ENSMUST00000192615.5	0.0000	0.0000
ENSMUST00000167721.7	0.0000	0.0000
ENSMUST00000214571.1	0.0010	0.0102
ENSMUST00000122226.1	0.0000	0.0000
ENSMUST00000177098.7	0.0000	0.0000
ENSMUST00000185519.6	0.0000	0.0000
ENSMUST00000082134.5	10.9091	113.9878
ENSMUST00000173550.7	0.2500	2.6122
ENSMUST00000172571.7	0.2500	2.6122
ENSMUST00000025250.13	0.2500	2.6122
ENSMUST00000166426.8	0.2500	2.6122
ENSMUST00000217969.1	0.0000	0.0000
ENSMUST00000049937.12	1.0000	10.4489
ENSMUST00000183898.1	0.0000	0.0000
ENSMUST00000022563.8	1.0000	10.4489
ENSMUST00000172533.7	0.0000	0.0000
ENSMUST00000102574.9	1.0000	10.4489
ENSMUST00000137822.1	0.0000	0.0000
ENSMUST00000207890.1	1.9990	20.8876
ENSMUST00000126381.2	0.0010	0.0102
ENSMUST00000211668.1	0.0000	0.0000
ENSMUST00000063417.9	2.0000	20.8978
ENSMUST00000057442.7	13.0000	135.8355
ENSMUST00000108141.1	1.1481	11.9969
ENSMUST00000059472.9	0.0000	0.0000
ENSMUST00000193334.2	0.0000	0.0000
ENSMUST00000204596.1	0.0000	0.0000
ENSMUST00000113617.2	0.0000	0.0000
ENSMUST00000141961.3	0.0000	0.0000
ENSMUST00000142735.7	0.0200	0.2085
ENSMUST00000103191.10	3.3001	34.4821
ENSMUST00000194865.1	4.0000	41.7955
ENSMUST00000174745.7	0.0000	0.0000
ENSMUST00000223428.1	0.0000	0.0000
ENSMUST00000167377.2	5.0000	52.2444
ENSMUST00000101477.1	0.0000	0.0000
ENSMUST00000035925.6	19.0000	198.5288
ENSMUST00000066378.7	0.0000	0.0000
ENSMUST00000153353.8	0.0000	0.0000
ENSMUST00000176305.7	0.0000	0.0000
ENSMUST00000176849.7	0.0000	0.0000
ENSMUST00000058009.15	0.0000	0.0000
ENSMUST00000138547.7	0.0000	0.0000
ENSMUST00000069281.7	0.0000	0.0000
ENSMUST00000141406.7	0.0000	0.0000
ENSMUST00000160987.7	9.0000	94.0400
ENSMUST00000144121.1	0.0000	0.0000
ENSMUST00000178147.2	0.0000	0.0000
ENSMUST00000016231.13	11.0000	114.9377
ENSMUST00000102898.4	14.0000	146.2844
ENSMUST00000043870.8	7.0000	73.1422
ENSMUST00000210226.1	0.0000	0.0000
ENSMUST00000066632.13	6.9656	72.7822
ENSMUST00000110899.6	1.0344	10.8088
ENSMUST00000027947.12	0.0000	0.0000
ENSMUST00000220861.1	0.0000	0.0000
ENSMUST00000048393.6	4.0000	41.7955
ENSMUST00000103131.4	6.0252	62.9566
ENSMUST00000154207.7	0.0000	0.0000
ENSMUST00000208227.1	0.0000	0.0000
ENSMUST00000072838.5	3.0000	31.3467
ENSMUST00000177051.7	0.0000	0.0000
ENSMUST00000029082.8	1.5000	15.6733
ENSMUST00000126021.7	1.5000	15.6733
ENSMUST00000005711.5	0.0000	0.0000
ENSMUST00000209487.1	0.0000	0.0000
ENSMUST00000213879.1	1.0000	10.4489
ENSMUST00000025944.8	1.0000	10.4489
ENSMUST00000096990.9	0.0000	0.0000
ENSMUST00000123717.7	0.0000	0.0000
ENSMUST00000079360.11	1.2500	13.0611
ENSMUST00000099294.8	1.2500	13.0611
ENSMUST00000111529.7	1.2500	13.0611
ENSMUST00000104902.8	1.2500	13.0611
ENSMUST00000183703.7	1.0000	10.4489
ENSMUST00000036252.6	0.0000	0.0000
ENSMUST00000144590.7	0.0000	0.0000
ENSMUST00000145364.7	0.0000	0.0000
ENSMUST00000182036.7	0.0000	0.0000
ENSMUST00000171318.1	0.0000	0.0000
ENSMUST00000086112.7	1.0000	10.4489
ENSMUST00000029626.8	4.0000	41.7955
ENSMUST00000137458.1	0.0000	0.0000
ENSMUST00000136375.7	0.0000	0.0000
ENSMUST00000081551.13	7.0000	73.1422
ENSMUST00000020008.9	1.6001	16.7196
ENSMUST00000105475.8	6.3999	66.8715
ENSMUST00000151289.7	5.0521	52.7886
ENSMUST00000165114.1	10.8378	113.2426
ENSMUST00000114050.7	4.9997	52.2413
ENSMUST00000147501.7	0.0000	0.0000
ENSMUST00000195014.5	22.9828	240.1447
ENSMUST00000175849.1	3.0000	31.3467
ENSMUST00000139098.7	0.0000	0.0000
ENSMUST00000117476.1	0.0000	0.0000
ENSMUST00000117430.1	0.0000	0.0000
ENSMUST00000070198.13	4.0000	41.7955
ENSMUST00000026433.8	1.0000	10.4489
ENSMUST00000099988.2	0.0000	0.0000
ENSMUST00000111973.7	0.0000	0.0000
ENSMUST00000106334.8	1.0000	10.4489
ENSMUST00000119455.1	1.0000	10.4489
ENSMUST00000050874.13	1.0000	10.4489
ENSMUST00000208704.1	0.0000	0.0000
ENSMUST00000123029.7	0.0000	0.0000
ENSMUST00000225246.1	0.0000	0.0000
ENSMUST00000177497.7	0.0000	0.0000
ENSMUST00000070112.5	12.0000	125.3866
ENSMUST00000103088.9	0.0000	0.0000
ENSMUST00000071699.10	0.0000	0.0000
ENSMUST00000181181.1	0.0000	0.0000
ENSMUST00000102690.8	0.0000	0.0000
ENSMUST00000030439.14	0.0000	0.0000
ENSMUST00000135969.7	0.0000	0.0000
ENSMUST00000128478.1	0.0000	0.0000
ENSMUST00000001631.6	1.0000	10.4489
ENSMUST00000173628.7	0.0000	0.0000
ENSMUST00000159235.1	0.0000	0.0000
ENSMUST00000114496.1	0.0000	0.0000
ENSMUST00000121321.1	0.4411	4.6090
ENSMUST00000220112.1	0.1403	1.4663
ENSMUST00000076465.2	0.4411	4.6090
ENSMUST00000147898.7	10.0408	104.9154
ENSMUST00000129349.1	1.0217	10.6760
ENSMUST00000205516.1	1.0000	10.4489
ENSMUST00000030944.10	0.0000	0.0000
ENSMUST00000125203.7	0.0000	0.0000
ENSMUST00000024946.5	9.0000	94.0400
ENSMUST00000220628.1	0.0000	0.0000
ENSMUST00000082411.1	2.5000	26.1222
ENSMUST00000188299.1	2.5000	26.1222
ENSMUST00000182450.7	0.0000	0.0000
ENSMUST00000144883.7	0.0000	0.0000
ENSMUST00000107344.7	0.0000	0.0000
ENSMUST00000146200.7	0.0000	0.0000
ENSMUST00000179954.7	0.0033	0.0341
ENSMUST00000178079.7	0.0033	0.0341
ENSMUST00000002284.10	2.5000	26.1222
ENSMUST00000206514.1	2.5000	26.1222
ENSMUST00000174751.1	0.0000	0.0000
ENSMUST00000205014.1	3.3735	35.2497
ENSMUST00000105038.2	1.0000	10.4489
ENSMUST00000144523.7	0.0000	0.0000
ENSMUST00000114881.7	0.0000	0.0000
ENSMUST00000205871.1	0.0000	0.0000
ENSMUST00000190648.6	0.0000	0.0000
ENSMUST00000171292.7	0.0000	0.0000
ENSMUST00000185198.6	0.0000	0.0000
ENSMUST00000192343.5	0.0000	0.0000
ENSMUST00000080190.7	0.0005	0.0051
ENSMUST00000142081.5	0.0000	0.0000
ENSMUST00000124303.7	0.0000	0.0000
ENSMUST00000181026.1	0.0000	0.0000
ENSMUST00000115585.1	0.0000	0.0000
ENSMUST00000134779.1	3.0000	31.3467
ENSMUST00000150210.1	0.0000	0.0000
ENSMUST00000177163.7	0.0347	0.3623
ENSMUST00000177513.1	0.0002	0.0016
ENSMUST00000143678.7	0.0000	0.0000
ENSMUST00000137376.7	0.0000	0.0000
ENSMUST00000000356.8	7.0000	73.1422
ENSMUST00000179894.1	0.0000	0.0000
ENSMUST00000216892.1	0.5000	5.2244
ENSMUST00000115414.2	0.5000	5.2244
ENSMUST00000211768.1	0.0027	0.0280
ENSMUST00000111228.1	0.0000	0.0000
ENSMUST00000130738.7	0.0000	0.0000
ENSMUST00000141721.1	0.0000	0.0000
ENSMUST00000055875.13	4.9997	52.2411
ENSMUST00000174522.7	0.0000	0.0000
ENSMUST00000163966.7	1.0000	10.4489
ENSMUST00000117299.8	7.0000	73.1422
ENSMUST00000201483.3	0.0000	0.0000
ENSMUST00000136200.7	0.2500	2.6122
ENSMUST00000031680.9	0.2500	2.6122
ENSMUST00000115389.7	0.2500	2.6122
ENSMUST00000144534.7	0.2500	2.6122
ENSMUST00000144529.1	0.0000	0.0000
ENSMUST00000126276.7	0.0000	0.0000
ENSMUST00000032326.10	2.0000	20.8978
ENSMUST00000211694.1	0.0000	0.0000
ENSMUST00000149410.1	0.0000	0.0000
ENSMUST00000203471.2	0.3501	3.6583
ENSMUST00000166735.7	0.0000	0.0000
ENSMUST00000166498.7	0.0000	0.0000
ENSMUST00000155664.7	0.0000	0.0000
ENSMUST00000077856.12	1.3333	13.9319
ENSMUST00000212494.1	0.0000	0.0000
ENSMUST00000222388.1	0.0000	0.0000
ENSMUST00000221101.1	0.0000	0.0000
ENSMUST00000132376.1	0.0000	0.0000
ENSMUST00000137834.1	0.0000	0.0000
ENSMUST00000143708.7	0.0000	0.0000
ENSMUST00000134822.7	0.0000	0.0000
ENSMUST00000128003.7	0.0000	0.0000
ENSMUST00000119368.7	0.5000	5.2244
ENSMUST00000114037.8	0.5000	5.2244
ENSMUST00000114036.8	0.5000	5.2244
ENSMUST00000140312.7	0.5000	5.2244
ENSMUST00000197480.4	0.0000	0.0000
ENSMUST00000216625.1	0.5000	5.2244
ENSMUST00000095267.5	0.5000	5.2244
ENSMUST00000041042.12	0.0001	0.0005
ENSMUST00000180088.1	5.9999	62.6928
ENSMUST00000034883.6	5.0000	52.2444
ENSMUST00000216877.1	5.0000	52.2444
ENSMUST00000191997.1	0.0000	0.0000
ENSMUST00000121722.1	0.0000	0.0000
ENSMUST00000117295.1	0.0000	0.0000
ENSMUST00000079261.6	0.0000	0.0000
ENSMUST00000003044.13	2.0000	20.8978
ENSMUST00000116412.7	0.5000	5.2244
ENSMUST00000151855.7	0.5000	5.2244
ENSMUST00000162335.7	0.0000	0.0000
ENSMUST00000203078.1	0.0000	0.0000
ENSMUST00000107475.8	3.8943	40.6907
ENSMUST00000068133.9	0.1057	1.1049
ENSMUST00000217733.1	0.0000	0.0000
ENSMUST00000151306.1	0.0000	0.0000
ENSMUST00000089610.9	0.0769	0.8038
ENSMUST00000080857.11	0.0769	0.8038
ENSMUST00000054449.13	0.0769	0.8038
ENSMUST00000169108.7	0.0769	0.8038
ENSMUST00000072692.10	0.0769	0.8038
ENSMUST00000071869.11	0.0769	0.8038
ENSMUST00000171562.7	0.0769	0.8038
ENSMUST00000169714.7	0.0769	0.8038
ENSMUST00000074834.11	0.0769	0.8038
ENSMUST00000076442.11	0.0769	0.8038
ENSMUST00000169438.7	0.0769	0.8038
ENSMUST00000023226.12	0.0769	0.8038
ENSMUST00000073418.12	0.0769	0.8038
ENSMUST00000102856.8	0.0000	0.0000
ENSMUST00000025746.13	0.0000	0.0000
ENSMUST00000217282.1	0.0000	0.0000
ENSMUST00000161769.7	1.5405	16.0969
ENSMUST00000213673.1	1.5405	16.0969
ENSMUST00000186693.1	0.0016	0.0168
ENSMUST00000188398.6	0.0000	0.0000
ENSMUST00000038673.13	0.0000	0.0000
ENSMUST00000176257.7	0.0000	0.0000
ENSMUST00000068519.6	5.0000	52.2444
ENSMUST00000162789.8	0.0000	0.0002
ENSMUST00000126145.1	1.0000	10.4489
ENSMUST00000185851.1	0.0000	0.0000
ENSMUST00000206692.1	0.0000	0.0000
ENSMUST00000206021.1	0.0000	0.0000
ENSMUST00000160320.2	0.0000	0.0000
ENSMUST00000018918.11	1.0000	10.4489
ENSMUST00000035785.8	0.0172	0.1796
ENSMUST00000141975.1	0.0000	0.0000
ENSMUST00000129984.1	0.0000	0.0000
ENSMUST00000134335.1	0.0000	0.0000
ENSMUST00000182675.7	0.0000	0.0000
ENSMUST00000034121.10	0.0000	0.0000
ENSMUST00000079960.1	0.5000	5.2244
ENSMUST00000196916.1	0.5000	5.2244
ENSMUST00000172960.1	0.0000	0.0000
ENSMUST00000117927.1	0.5000	5.2244
ENSMUST00000120338.1	0.5000	5.2244
ENSMUST00000114049.1	0.0000	0.0000
ENSMUST00000131850.1	0.0000	0.0000
ENSMUST00000078084.6	0.0000	0.0000
ENSMUST00000154837.7	0.0000	0.0000
ENSMUST00000206411.1	1.0000	10.4489
ENSMUST00000019109.7	1.0000	10.4489
ENSMUST00000106837.7	1.0481	10.9512
ENSMUST00000197205.4	0.0000	0.0000
ENSMUST00000197429.4	1.3487	14.0920
ENSMUST00000103376.2	0.6554	6.8480
ENSMUST00000220272.1	0.0000	0.0000
ENSMUST00000161415.1	0.0000	0.0000
ENSMUST00000001051.8	4.0000	41.7955
ENSMUST00000053298.7	1.2000	12.5387
ENSMUST00000025694.6	1.0000	10.4489
ENSMUST00000006254.5	5.0000	52.2444
ENSMUST00000140893.7	2.0000	20.8978
ENSMUST00000198667.1	0.0000	0.0000
ENSMUST00000187117.1	1.0088	10.5409
ENSMUST00000202601.3	0.0000	0.0000
ENSMUST00000150077.1	0.0000	0.0000
ENSMUST00000198214.4	0.0000	0.0000
ENSMUST00000124107.7	0.0000	0.0000
ENSMUST00000029831.15	0.0000	0.0000
ENSMUST00000184802.7	0.0000	0.0000
ENSMUST00000108081.8	0.5000	5.2244
ENSMUST00000168434.7	0.5000	5.2244
ENSMUST00000106348.7	0.0013	0.0136
ENSMUST00000087566.10	0.0013	0.0136
ENSMUST00000032934.11	3.9974	41.7683
ENSMUST00000199240.4	0.0000	0.0000
ENSMUST00000198174.1	0.0000	0.0000
ENSMUST00000055087.6	0.0000	0.0000
ENSMUST00000143356.1	0.6308	6.5916
ENSMUST00000112585.7	5.8909	61.5533
ENSMUST00000044355.9	1.0000	10.4489
ENSMUST00000106207.7	0.0000	0.0000
ENSMUST00000220918.1	1.0315	10.7785
ENSMUST00000031590.11	3.0000	31.3464
ENSMUST00000223557.1	2.0909	21.8477
ENSMUST00000140512.7	0.0000	0.0000
ENSMUST00000180548.1	0.0000	0.0000
ENSMUST00000062601.13	0.0245	0.2559
ENSMUST00000150624.8	0.0000	0.0000
ENSMUST00000142941.7	0.0000	0.0000
ENSMUST00000089022.8	0.0000	0.0000
ENSMUST00000160635.7	0.6672	6.9710
ENSMUST00000223239.1	0.0000	0.0000
ENSMUST00000140444.7	0.0000	0.0000
ENSMUST00000184221.1	1.2330	12.8836
ENSMUST00000141683.1	0.0000	0.0000
ENSMUST00000110974.3	0.0000	0.0000
ENSMUST00000068116.12	0.0000	0.0000
ENSMUST00000097650.9	0.0000	0.0000
ENSMUST00000189617.2	0.0000	0.0000
ENSMUST00000185531.6	0.0000	0.0000
ENSMUST00000121821.1	0.5744	6.0016
ENSMUST00000203633.2	0.5000	5.2244
ENSMUST00000206196.1	0.5000	5.2244
ENSMUST00000022927.9	2.0000	20.8978
ENSMUST00000021738.9	0.0000	0.0000
ENSMUST00000222958.1	0.0000	0.0000
ENSMUST00000223093.1	0.0000	0.0000
ENSMUST00000219774.1	0.0000	0.0000
ENSMUST00000176035.1	0.0000	0.0000
ENSMUST00000145074.1	1.0000	10.4489
ENSMUST00000141217.1	0.0000	0.0000
ENSMUST00000111468.9	0.0000	0.0000
ENSMUST00000213376.1	0.0000	0.0000
ENSMUST00000216814.1	0.0000	0.0000
ENSMUST00000057216.14	0.0000	0.0000
ENSMUST00000216454.1	0.0000	0.0000
ENSMUST00000111467.3	0.0000	0.0000
ENSMUST00000219902.1	0.0000	0.0000
ENSMUST00000020630.7	1.0000	10.4489
ENSMUST00000109267.8	1.0000	10.4489
ENSMUST00000014892.7	2.0000	20.8978
ENSMUST00000211076.1	1.0000	10.4489
ENSMUST00000217055.1	0.0000	0.0000
ENSMUST00000216438.1	0.0000	0.0000
ENSMUST00000127626.7	0.0000	0.0000
ENSMUST00000150390.1	0.0001	0.0006
ENSMUST00000114048.1	0.0003	0.0031
ENSMUST00000168846.1	1.0000	10.4489
ENSMUST00000179709.7	0.0000	0.0000
ENSMUST00000211373.1	0.0000	0.0000
ENSMUST00000053109.4	1.0000	10.4489
ENSMUST00000106602.9	0.9995	10.4438
ENSMUST00000077915.9	0.9995	10.4438
ENSMUST00000092620.5	5.9977	62.6688
ENSMUST00000126610.1	0.0000	0.0003
ENSMUST00000102811.9	0.0023	0.0242
ENSMUST00000209626.1	0.0000	0.0000
ENSMUST00000106590.4	0.0000	0.0000
ENSMUST00000134564.1	2.0000	20.8978
ENSMUST00000139774.2	0.0000	0.0000
ENSMUST00000114833.9	0.0000	0.0000
ENSMUST00000148748.7	0.0000	0.0000
ENSMUST00000191662.5	0.0000	0.0000
ENSMUST00000004829.12	0.0000	0.0000
ENSMUST00000194797.1	0.0000	0.0000
ENSMUST00000041737.7	0.5000	5.2244
ENSMUST00000031695.14	0.5000	5.2244
ENSMUST00000107829.8	0.0000	0.0000
ENSMUST00000196954.4	1.0064	10.5161
ENSMUST00000198708.4	0.0000	0.0000
ENSMUST00000200515.4	1.0064	10.5161
ENSMUST00000105366.1	1.0000	10.4489
ENSMUST00000153079.7	2.0000	20.8978
ENSMUST00000117405.1	0.0000	0.0000
ENSMUST00000140236.1	0.0000	0.0000
ENSMUST00000178254.1	1.0485	10.9556
ENSMUST00000177126.7	1.0000	10.4489
ENSMUST00000153038.7	0.0000	0.0000
ENSMUST00000109542.2	1.9975	20.8712
ENSMUST00000100540.9	0.0000	0.0000
ENSMUST00000111713.1	0.0000	0.0000
ENSMUST00000031421.11	0.0000	0.0000
ENSMUST00000111716.7	0.0000	0.0000
ENSMUST00000102484.4	1.0000	10.4489
ENSMUST00000085368.3	0.0000	0.0000
ENSMUST00000163829.1	0.2092	2.1862
ENSMUST00000073790.6	0.0000	0.0000
ENSMUST00000123925.7	0.0000	0.0000
ENSMUST00000221875.1	1.0000	10.4489
ENSMUST00000214067.1	0.0000	0.0000
ENSMUST00000108549.1	1.0000	10.4489
ENSMUST00000212950.1	1.0602	11.0783
ENSMUST00000212121.1	0.0000	0.0000
ENSMUST00000092956.2	1.0000	10.4489
ENSMUST00000091418.11	0.0000	0.0000
ENSMUST00000147707.7	0.0000	0.0000
ENSMUST00000199089.4	0.0000	0.0000
ENSMUST00000200235.1	5.0000	52.2444
ENSMUST00000212864.1	0.0000	0.0000
ENSMUST00000105348.7	0.0000	0.0000
ENSMUST00000119438.1	0.0000	0.0000
ENSMUST00000080300.8	1.0000	10.4489
ENSMUST00000003386.6	1.0000	10.4489
ENSMUST00000168545.7	1.9987	20.8842
ENSMUST00000098521.3	0.0007	0.0068
ENSMUST00000171456.8	0.0007	0.0068
ENSMUST00000143615.7	1.0182	10.6390
ENSMUST00000039484.5	1.0000	10.4489
ENSMUST00000156701.7	0.0000	0.0000
ENSMUST00000136771.5	0.0000	0.0000
ENSMUST00000140187.7	0.0000	0.0000
ENSMUST00000153766.7	0.0000	0.0000
ENSMUST00000130819.7	0.0000	0.0000
ENSMUST00000151203.7	0.0000	0.0000
ENSMUST00000028347.12	0.0000	0.0000
ENSMUST00000030417.9	0.0000	0.0000
ENSMUST00000219591.1	0.0000	0.0000
ENSMUST00000065678.5	1.0000	10.4489
ENSMUST00000110894.8	4.0000	41.7955
ENSMUST00000108413.7	0.0000	0.0000
ENSMUST00000176408.7	0.0000	0.0000
ENSMUST00000128774.2	0.0000	0.0000
ENSMUST00000019608.6	0.0000	0.0000
ENSMUST00000168587.1	2.3846	24.9166
ENSMUST00000106567.1	1.0000	10.4489
ENSMUST00000088313.4	0.0000	0.0000
ENSMUST00000140659.1	0.0000	0.0000
ENSMUST00000114779.8	2.9653	30.9843
ENSMUST00000121430.1	0.0000	0.0000
ENSMUST00000171641.1	0.0000	0.0000
ENSMUST00000028890.14	0.0000	0.0000
ENSMUST00000150401.7	0.0000	0.0000
ENSMUST00000198909.1	0.0000	0.0000
ENSMUST00000198597.4	0.0000	0.0000
ENSMUST00000113906.8	0.0000	0.0000
ENSMUST00000035090.13	0.0000	0.0000
ENSMUST00000163973.7	0.0000	0.0000
ENSMUST00000169311.7	0.0000	0.0000
ENSMUST00000026667.14	1.0000	10.4489
ENSMUST00000124569.7	0.0000	0.0000
ENSMUST00000136501.1	0.0002	0.0017
ENSMUST00000122216.7	0.0002	0.0017
ENSMUST00000120040.7	0.0000	0.0000
ENSMUST00000088095.5	0.5000	5.2244
ENSMUST00000109252.7	0.5000	5.2244
ENSMUST00000147343.7	0.0000	0.0000
ENSMUST00000031538.8	3.0000	31.3467
ENSMUST00000106599.7	0.0005	0.0051
ENSMUST00000082092.4	0.0005	0.0051
ENSMUST00000117066.7	0.0000	0.0000
ENSMUST00000138038.7	0.0000	0.0000
ENSMUST00000210864.1	0.0000	0.0000
ENSMUST00000121360.7	0.0173	0.1812
ENSMUST00000117411.7	0.0173	0.1812
ENSMUST00000109503.9	0.0000	0.0000
ENSMUST00000218022.1	1.0426	10.8935
ENSMUST00000086725.5	0.0000	0.0000
ENSMUST00000115621.8	0.3333	3.4830
ENSMUST00000115616.7	0.3333	3.4830
ENSMUST00000115615.8	0.3333	3.4830
ENSMUST00000107559.2	0.0000	0.0000
ENSMUST00000153681.1	0.0000	0.0000
ENSMUST00000173858.7	0.0000	0.0000
ENSMUST00000211878.1	0.0000	0.0000
ENSMUST00000100028.9	1.0000	10.4489
ENSMUST00000142585.1	2.0000	20.8978
ENSMUST00000105616.9	0.5000	5.2244
ENSMUST00000030940.13	0.5000	5.2244
ENSMUST00000165335.7	0.5000	5.2244
ENSMUST00000176637.1	0.5000	5.2244
ENSMUST00000183053.1	1.0000	10.4489
ENSMUST00000137195.1	0.0000	0.0000
ENSMUST00000134844.1	0.0000	0.0000
ENSMUST00000111378.9	0.0000	0.0000
ENSMUST00000109528.8	3.0000	31.3464
ENSMUST00000132718.7	0.0000	0.0000
ENSMUST00000127842.7	0.0000	0.0000
ENSMUST00000214095.1	0.0000	0.0000
ENSMUST00000116492.2	0.0000	0.0000
ENSMUST00000154340.7	0.0000	0.0000
ENSMUST00000217801.1	0.0000	0.0000
ENSMUST00000148102.1	0.0000	0.0000
ENSMUST00000219220.1	0.0000	0.0000
ENSMUST00000219637.1	0.0000	0.0000
ENSMUST00000218997.1	0.0000	0.0000
ENSMUST00000118798.1	0.0000	0.0000
ENSMUST00000111027.7	0.0000	0.0000
ENSMUST00000001304.8	1.0000	10.4489
ENSMUST00000222705.1	1.0000	10.4489
ENSMUST00000140054.2	0.0000	0.0000
ENSMUST00000024932.11	1.0000	10.4489
ENSMUST00000107474.7	0.0000	0.0000
ENSMUST00000164748.7	0.0000	0.0000
ENSMUST00000002112.14	0.5000	5.2244
ENSMUST00000147114.1	0.5000	5.2244
ENSMUST00000032918.3	0.3333	3.4830
ENSMUST00000202798.1	0.3333	3.4830
ENSMUST00000200948.1	0.3333	3.4830
ENSMUST00000093196.10	0.0000	0.0000
ENSMUST00000181521.1	0.0000	0.0000
ENSMUST00000152441.1	0.0000	0.0000
ENSMUST00000207982.1	2.0000	20.8978
ENSMUST00000106665.7	0.0000	0.0000
ENSMUST00000119273.1	0.5000	5.2244
ENSMUST00000023391.14	0.5000	5.2244
ENSMUST00000128184.2	2.0000	20.8978
ENSMUST00000213537.1	2.0000	20.8978
ENSMUST00000108608.7	0.0000	0.0000
ENSMUST00000108607.7	0.0000	0.0000
ENSMUST00000108609.7	0.0000	0.0000
ENSMUST00000114927.8	0.0000	0.0000
ENSMUST00000130335.7	0.0000	0.0000
ENSMUST00000188866.6	1.0000	10.4488
ENSMUST00000169343.7	1.0000	10.4488
ENSMUST00000051698.13	1.0000	10.4488
ENSMUST00000191273.6	1.5000	15.6732
ENSMUST00000108089.7	1.5000	15.6732
ENSMUST00000126341.7	0.2242	2.3425
ENSMUST00000001185.13	1.0000	10.4489
ENSMUST00000111023.7	0.0000	0.0000
ENSMUST00000111020.7	0.0000	0.0000
ENSMUST00000212062.1	0.0000	0.0000
ENSMUST00000173764.1	0.0000	0.0000
ENSMUST00000178730.7	0.0000	0.0003
ENSMUST00000188804.6	0.5000	5.2244
ENSMUST00000111210.8	0.5000	5.2244
ENSMUST00000110456.2	0.0000	0.0000
ENSMUST00000181935.1	0.0000	0.0000
ENSMUST00000176184.1	0.0000	0.0000
ENSMUST00000176906.1	0.0000	0.0000
ENSMUST00000073238.6	0.0000	0.0000
ENSMUST00000081726.12	1.0000	10.4489
ENSMUST00000079157.10	1.0000	10.4489
ENSMUST00000211791.1	0.0000	0.0000
ENSMUST00000055676.3	4.0000	41.7955
ENSMUST00000167436.2	0.0000	0.0000
ENSMUST00000224524.1	0.0000	0.0000
ENSMUST00000225176.1	0.0000	0.0000
ENSMUST00000132689.7	0.0000	0.0000
ENSMUST00000183801.7	0.0000	0.0000
ENSMUST00000183410.7	0.0000	0.0000
ENSMUST00000098576.9	0.0000	0.0000
ENSMUST00000183468.1	0.0000	0.0000
ENSMUST00000222259.1	0.0000	0.0000
ENSMUST00000144382.7	0.0000	0.0000
ENSMUST00000139382.1	0.0000	0.0000
ENSMUST00000136385.7	0.0000	0.0000
ENSMUST00000149674.7	0.0000	0.0000
ENSMUST00000135028.4	0.0000	0.0000
ENSMUST00000140984.1	1.0015	10.4647
ENSMUST00000202777.1	0.0000	0.0003
ENSMUST00000020307.10	0.5000	5.2244
ENSMUST00000182898.7	0.5000	5.2244
ENSMUST00000146577.7	0.0000	0.0000
ENSMUST00000196814.4	0.0000	0.0000
ENSMUST00000165126.8	0.0000	0.0000
ENSMUST00000135446.7	0.0000	0.0000
ENSMUST00000118642.1	0.0000	0.0000
ENSMUST00000108624.7	0.0000	0.0000
ENSMUST00000199571.4	0.0000	0.0000
ENSMUST00000181173.1	1.0033	10.4834
ENSMUST00000211061.1	0.0000	0.0000
ENSMUST00000058139.13	0.0000	0.0000
ENSMUST00000061891.10	0.5000	5.2244
ENSMUST00000110132.2	0.5000	5.2244
ENSMUST00000219381.1	0.0000	0.0000
ENSMUST00000170796.7	0.0000	0.0000
ENSMUST00000133296.1	0.0000	0.0000
ENSMUST00000119130.1	0.0000	0.0000
ENSMUST00000135691.1	1.0714	11.1952
ENSMUST00000204459.2	0.0550	0.5750
ENSMUST00000099128.1	0.0000	0.0000
ENSMUST00000079755.4	0.0000	0.0000
ENSMUST00000108105.1	0.0000	0.0000
ENSMUST00000134778.2	0.0000	0.0000
ENSMUST00000047627.13	0.5000	5.2244
ENSMUST00000091236.10	0.5000	5.2244
ENSMUST00000154865.7	0.0000	0.0000
ENSMUST00000205106.2	0.0000	0.0000
ENSMUST00000126346.1	0.0000	0.0000
ENSMUST00000075895.8	0.0000	0.0000
ENSMUST00000224918.1	1.0000	10.4489
ENSMUST00000134645.7	0.0000	0.0000
ENSMUST00000111729.9	0.0000	0.0000
ENSMUST00000117288.1	0.0000	0.0000
ENSMUST00000156094.1	0.0000	0.0000
ENSMUST00000126101.2	0.0000	0.0000
ENSMUST00000105370.7	0.0000	0.0000
ENSMUST00000105371.8	0.0000	0.0000
ENSMUST00000152592.1	0.0000	0.0000
ENSMUST00000029149.12	0.5000	5.2244
ENSMUST00000142071.7	0.5000	5.2244
ENSMUST00000048615.12	1.0000	10.4489
ENSMUST00000122412.1	1.0000	10.4489
ENSMUST00000133551.1	1.5886	16.5993
ENSMUST00000026901.11	0.0000	0.0000
ENSMUST00000202679.3	0.0000	0.0000
ENSMUST00000202082.3	0.0000	0.0000
ENSMUST00000201984.3	0.0000	0.0000
ENSMUST00000209838.1	1.0108	10.5613
ENSMUST00000183478.1	0.0000	0.0000
ENSMUST00000161250.7	0.3465	3.6207
ENSMUST00000173844.7	1.0000	10.4489
ENSMUST00000087342.12	1.0000	10.4489
ENSMUST00000131912.7	0.0000	0.0000
ENSMUST00000111388.3	0.0000	0.0000
ENSMUST00000029564.11	0.9997	10.4455
ENSMUST00000198440.4	0.9997	10.4455
ENSMUST00000184515.1	0.0007	0.0068
ENSMUST00000190617.6	0.0000	0.0000
ENSMUST00000187989.6	2.0303	21.2144
ENSMUST00000097437.8	0.0000	0.0000
ENSMUST00000112910.1	0.0000	0.0000
ENSMUST00000185795.1	2.0476	21.3953
ENSMUST00000176892.7	0.0833	0.8707
ENSMUST00000175912.7	0.0833	0.8707
ENSMUST00000170992.8	0.0833	0.8707
ENSMUST00000069430.14	0.0833	0.8707
ENSMUST00000176752.7	0.0833	0.8707
ENSMUST00000219140.2	0.0833	0.8707
ENSMUST00000176322.7	0.0833	0.8707
ENSMUST00000176464.7	0.0833	0.8707
ENSMUST00000176336.7	0.0833	0.8707
ENSMUST00000177225.7	0.0833	0.8707
ENSMUST00000175877.7	0.0833	0.8707
ENSMUST00000177162.7	0.0833	0.8707
ENSMUST00000016081.12	1.0000	10.4489
ENSMUST00000134745.7	0.0000	0.0000
ENSMUST00000146327.1	0.0000	0.0000
ENSMUST00000125166.1	0.0000	0.0000
ENSMUST00000167872.7	0.0000	0.0000
ENSMUST00000139349.2	1.0105	10.5589
ENSMUST00000024873.6	1.0000	10.4489
ENSMUST00000160640.7	2.0000	20.8978
ENSMUST00000129784.7	0.0000	0.0000
ENSMUST00000142887.7	0.0000	0.0000
ENSMUST00000107462.7	0.3333	3.4830
ENSMUST00000040824.1	0.3333	3.4830
ENSMUST00000137975.1	0.3333	3.4830
ENSMUST00000037165.4	1.0000	10.4489
ENSMUST00000215396.1	1.0000	10.4489
ENSMUST00000079761.7	0.0003	0.0027
ENSMUST00000004784.10	1.0000	10.4489
ENSMUST00000002678.9	1.0000	10.4489
ENSMUST00000130128.1	0.0000	0.0000
ENSMUST00000196114.1	0.0000	0.0000
ENSMUST00000198182.1	0.0000	0.0000
ENSMUST00000020522.8	1.0000	10.4489
ENSMUST00000118911.1	0.0000	0.0000
ENSMUST00000195654.1	0.0000	0.0000
ENSMUST00000133530.7	0.0000	0.0000
ENSMUST00000153524.1	1.0000	10.4489
ENSMUST00000080813.4	0.5000	5.2244
ENSMUST00000134425.7	0.5000	5.2244
ENSMUST00000110384.8	0.0000	0.0000
ENSMUST00000074072.4	0.0002	0.0025
ENSMUST00000134412.1	0.0000	0.0000
ENSMUST00000133839.7	0.0000	0.0000
ENSMUST00000208278.1	0.0000	0.0000
ENSMUST00000160009.1	0.0000	0.0000
ENSMUST00000212590.1	0.0000	0.0000
ENSMUST00000196205.4	1.0000	10.4489
ENSMUST00000121713.1	0.0000	0.0000
ENSMUST00000141049.1	0.0000	0.0000
ENSMUST00000156343.1	0.0000	0.0000
ENSMUST00000001566.9	1.0000	10.4489
ENSMUST00000182052.7	1.0000	10.4489
ENSMUST00000210350.1	0.0000	0.0000
ENSMUST00000058333.9	0.0000	0.0000
ENSMUST00000210923.2	0.0000	0.0000
ENSMUST00000210435.3	0.0000	0.0000
ENSMUST00000134851.2	0.0000	0.0000
ENSMUST00000030125.4	0.0000	0.0002
ENSMUST00000190679.6	0.0000	0.0000
ENSMUST00000120203.1	0.0000	0.0000
ENSMUST00000207748.1	0.0000	0.0000
ENSMUST00000105265.7	0.0000	0.0000
ENSMUST00000169921.7	0.0000	0.0000
ENSMUST00000130755.1	0.0000	0.0000
ENSMUST00000222447.1	0.0000	0.0000
ENSMUST00000220647.1	0.0000	0.0000
ENSMUST00000221825.1	0.0000	0.0000
ENSMUST00000153211.1	0.0000	0.0000
ENSMUST00000113505.3	1.0000	10.4489
ENSMUST00000143809.1	0.0000	0.0000
ENSMUST00000084383.9	0.3333	3.4830
ENSMUST00000115374.7	0.3333	3.4830
ENSMUST00000115375.7	0.3333	3.4830
ENSMUST00000179341.1	0.0000	0.0000
ENSMUST00000064652.13	0.0000	0.0000
ENSMUST00000205490.1	0.0007	0.0070
ENSMUST00000170837.2	2.0000	20.8978
ENSMUST00000023608.13	1.5000	15.6732
ENSMUST00000114191.7	1.5000	15.6732
ENSMUST00000127300.1	0.0000	0.0000
ENSMUST00000177599.2	0.0000	0.0000
ENSMUST00000156334.7	0.0000	0.0000
ENSMUST00000171419.7	0.0000	0.0000
ENSMUST00000140779.1	0.5000	5.2244
ENSMUST00000139932.7	0.5000	5.2244
ENSMUST00000137169.7	0.0000	0.0000
ENSMUST00000124780.7	0.0000	0.0000
ENSMUST00000129580.1	0.0000	0.0000
ENSMUST00000119653.1	0.0000	0.0000
ENSMUST00000044509.6	0.3333	3.4830
ENSMUST00000149685.7	0.3333	3.4830
ENSMUST00000138918.7	0.3333	3.4830
ENSMUST00000188533.1	0.0000	0.0000
ENSMUST00000186255.6	0.0000	0.0000
ENSMUST00000135494.3	0.0000	0.0000
ENSMUST00000142997.7	0.0000	0.0000
ENSMUST00000029722.6	1.0000	10.4489
ENSMUST00000155805.1	0.0000	0.0000
ENSMUST00000135560.1	0.0000	0.0000
ENSMUST00000148255.7	0.0000	0.0000
ENSMUST00000114193.7	0.0000	0.0002
ENSMUST00000191436.6	0.0000	0.0001
ENSMUST00000188503.1	0.0000	0.0001
ENSMUST00000145226.7	1.0000	10.4489
ENSMUST00000020271.12	0.0000	0.0000
ENSMUST00000057177.6	0.5000	5.2244
ENSMUST00000180159.7	0.5000	5.2244
ENSMUST00000111518.2	0.5000	5.2244
ENSMUST00000014777.8	0.5000	5.2244
ENSMUST00000034863.7	0.5000	5.2244
ENSMUST00000217314.1	0.5000	5.2244
ENSMUST00000142640.7	0.0000	0.0000
ENSMUST00000123229.7	1.0000	10.4489
ENSMUST00000087582.11	0.0000	0.0000
ENSMUST00000148178.7	0.0000	0.0000
ENSMUST00000114385.8	0.0000	0.0000
ENSMUST00000139302.7	0.0000	0.0000
ENSMUST00000079663.6	0.0000	0.0000
ENSMUST00000118718.1	0.0000	0.0000
ENSMUST00000121152.1	0.0000	0.0000
ENSMUST00000148801.1	0.0000	0.0000
ENSMUST00000116115.2	0.0000	0.0000
ENSMUST00000146538.1	0.0000	0.0000
ENSMUST00000217092.1	0.0000	0.0000
ENSMUST00000214585.1	0.0000	0.0000
ENSMUST00000182017.1	0.0000	0.0000
ENSMUST00000207594.1	1.0000	10.4489
ENSMUST00000211436.1	1.0000	10.4489
ENSMUST00000150479.1	1.0000	10.4489
ENSMUST00000161778.7	0.0000	0.0000
ENSMUST00000162624.7	0.0000	0.0000
ENSMUST00000159531.2	0.0000	0.0000
ENSMUST00000159209.7	0.0000	0.0000
ENSMUST00000125076.1	0.0000	0.0000
ENSMUST00000187379.1	1.0000	10.4489
ENSMUST00000150103.1	0.0000	0.0000
ENSMUST00000194605.1	0.3333	3.4830
ENSMUST00000180940.1	0.3333	3.4830
ENSMUST00000140687.1	0.3333	3.4830
ENSMUST00000088480.3	0.0000	0.0000
ENSMUST00000105169.5	0.0000	0.0000
ENSMUST00000223200.1	0.0000	0.0000
ENSMUST00000037850.5	1.0000	10.4489
ENSMUST00000152032.1	1.4828	15.4931
ENSMUST00000192045.1	1.0000	10.4489
ENSMUST00000112996.8	1.0000	10.4489
ENSMUST00000108779.7	0.0000	0.0000
ENSMUST00000144476.1	0.0000	0.0000
ENSMUST00000088494.2	0.0000	0.0003
ENSMUST00000150753.7	1.0000	10.4489
ENSMUST00000070690.7	1.0000	10.4489
ENSMUST00000124617.1	0.0000	0.0000
ENSMUST00000077389.7	0.0000	0.0000
ENSMUST00000025931.12	0.5000	5.2244
ENSMUST00000074371.11	0.5000	5.2244
ENSMUST00000033494.15	0.5000	5.2244
ENSMUST00000115666.7	0.5000	5.2244
ENSMUST00000196932.1	0.0000	0.0000
ENSMUST00000118948.1	0.0000	0.0000
ENSMUST00000151129.7	1.0000	10.4489
ENSMUST00000126593.2	0.0000	0.0000
ENSMUST00000078803.3	1.0000	10.4489
ENSMUST00000111285.8	0.3333	3.4830
ENSMUST00000173954.2	0.3333	3.4830
ENSMUST00000039812.15	0.3333	3.4830
ENSMUST00000153498.1	0.0000	0.0000
ENSMUST00000139956.1	0.0000	0.0000
ENSMUST00000118155.7	0.0000	0.0000
ENSMUST00000168722.1	0.0000	0.0000
ENSMUST00000022808.13	1.0000	10.4489
ENSMUST00000129311.1	0.0001	0.0011
ENSMUST00000205091.2	0.0000	0.0000
ENSMUST00000161685.7	1.0000	10.4489
ENSMUST00000025773.3	0.5000	5.2244
ENSMUST00000180621.2	0.5000	5.2244
ENSMUST00000110504.1	0.0000	0.0000
ENSMUST00000132586.1	0.0000	0.0000
ENSMUST00000068045.13	0.5000	5.2244
ENSMUST00000217157.1	0.5000	5.2244
ENSMUST00000149646.2	0.0000	0.0000
ENSMUST00000143101.3	0.0000	0.0000
